{
    "id": "http://ocds.open-contracting.org/standard/r/1__0__0/record-package-schema.json",
    "$schema": "http://json-schema.org/draft-04/schema#",
    "title": "Schema for an Open Contracting Record package",
    "description": "The record package contains a list of records along with some publishing meta data. The records pull together all the releases under a single Open Contracting ID and compile them into the latest version of the information along with the history of any data changes.",
    "type": "object",
    "properties": {
        "uri": {
            "title": "Package Identifier",
            "description": "The URI of this package that identifies it uniquely in the world.",
            "type": "string",
            "format": "uri"
        },
        "publisher": { 
            "description": "Information to uniquely identify the publisher of this package.",
            "type": "object",
            "properties": {
                "name": {
                    "type": "string"
                },
                "scheme": {
                    "description": "The scheme that holds the unique identifiers used to identify the item being identified.",
                    "type": ["string", "null"],
                    "format": "uri"
                },
                "uid": {
                    "description": "The unique ID for this entity under the given ID scheme.",
                    "type": ["string", "null"]
                },
                "uri": {
                    "type": ["string", "null"],
                    "format" : "uri"
                }
            },
            "required": ["name"]
        },
        "license": {
            "description": "A link to the license that applies to the data in this datapackage. [Open Definition Conformant](http://opendefinition.org/licenses/) licenses are strongly recommended. The canonical URI of the license should be used. Documents linked from this file may be under other license conditions. ",
            "type": ["string", "null"],
            "format": "uri"
        },
        "publicationPolicy": {
            "description": "A link to a document describing the publishers publication policy.",
            "type": ["string", "null"],
            "format": "uri"
        },
        "publishedDate": {
            "description": "The date that this package was published.",
            "type": "string",
            "format": "date-time"
        },
        "packages": {
            "description": "A list of URIs of all the release packages that were used to create this record package.",
            "type": "array",
            "minItems": 1,
            "items": {
                "type": "string",
                "format": "uri"
            },
            "uniqueItems": true
        },
        "records": {
            "description": "The records for this data package.",
            "type": "array",
            "minItems": 1,
            "items": { "$ref": "#/definitions/record" },
            "uniqueItems": true
        }
    },
    "required": ["uri", "publisher", "publishedDate", "packages", "records"],
    "definitions": {
        "record": {
            "type": "object",
            "properties": {
                "ocid": {
                    "title": "Open Contracting ID",
                    "description": "A unique identifier that identifies the unique Open Contracting Process. For more information see: http://ocds.open-contracting.org/standard/r/1__0__0/en/key_concepts/definitions/#contracting-process",
                    "type": "string"
                },
                "releases": {
                            "title": "Linked releases",
                            "description": "A list of objects that identify the releases associated with this Open Contracting ID. The releases MUST be sorted into date order in the array, from oldest (at position 0) to newest (last).",
                            "type": "array",
                            "items": {
                                "description": "Information to uniquely identify the release.",
                                "type": "object",
                                "properties": {
                                    "url": {
                                        "description": "The url of the release which contains the url of the package with the releaseID appended using a fragment identifier e.g. http://ocds.open-contracting.org/demos/releases/12345.json#ocds-a2ef3d01-1594121/1",
                                        "type": ["string", "null"],
                                        "format" : "uri"
                                    },
                                    "date": {
                                        "title": "Release Date",
                                        "description": "The date of the release, should match `date` at the root level of the release. This is used to sort the releases in the list into date order.",
                                        "type": "string",
                                        "format": "date-time"
                                    },
                                    "tag": {
                                        "title": "Release Tag",
                                        "description": "The tag should match the tag in the release. This provides additional context when reviewing a record to see what types of releases are included for this ocid.",
                                        "type": "array",
                                        "items": {
                                            "type": "string",
                                            "enum": ["planning", "tender", "tenderAmendment", "tenderUpdate", "tenderCancellation", "award", "awardUpdate", "awardCancellation", "contract", "contractUpdate", "contractAmendment", "implementation", "implementationUpdate", "contractTermination", "compiled"]
                                        }
                                    }
                                },
                                "required": ["url", "date"]
                            },
                            "minItems": 1
                },
                "compiledRelease": {
                    "title": "Compiled release",
                    "description": "This is the latest version of all the contracting data, it has the same schema as an open contracting release.",
                    "$ref": "http://ocds.open-contracting.org/standard/r/1__0__0/release-schema.json"
                }                
            },
            "required": ["ocid", "releases"]
        }
    }
}