{
    "$schema": "http://json-schema.org/draft-04/schema#",
    "title": "Schema for an Open Contracting Release",
    "type": "object",
    "properties": {
        "ocid": {
            "title": "Open Contracting ID",
            "description": "A globally unique identifier for this Open Contracting Process. Composed of a publisher prefix and an identifier for the contracting process. For more information see the [Open Contracting Identifier guidance](http://ocds.open-contracting.org/standard/r/1__0__0/en/key_concepts/identifiers/#ocid)",
            "type": "string",
            "mergeStrategy": "ocdsOmit"
        },
        "id": {
            "title": "Release ID",
            "description": "A unique identifier that identifies this release. A releaseID must be unique within a release-package and must not contain the # character.",
            "type": "string",
            "mergeStrategy": "ocdsOmit"
        },
        "date": {
            "title": "Release Date",
            "description": "The date this information is released, it may well be the same as the parent publishedDate, it must not be later than the publishedDate from the parent package. It is used to determine merge order.",
            "type": "string",
            "format": "date-time",
            "mergeStrategy": "ocdsOmit"
        },
        "tag": {
            "title": "Release Tag",
            "description": "A value from the [releaseTag codelist](http://ocds.open-contracting.org/standard/r/1__0__0/en/schema/codelists#release-tag) that identifies the nature of the release being made. Tags may be used to filter release, or, in future, for for advanced validation when certain kinds of releases should contain certain fields.",
            "type": "array",
            "items": {
                "type": "string",
                "enum": ["planning", "tender", "tenderAmendment", "tenderUpdate", "tenderCancellation", "award", "awardUpdate", "awardCancellation", "contract", "contractUpdate", "contractAmendment", "implementation", "implementationUpdate", "contractTermination", "compiled"]
            },
            "mergeStrategy": "ocdsOmit"
        },
        "initiationType": {
            "title": "Initiation type",
            "description": "String specifying the type of initiation process used for this contract, taken from the [initiationType](http://ocds.open-contracting.org/standard/r/1__0__0/en/schema/codelists#initiation-type) codelist. Currently only tender is supported.",
            "type": "string",
            "enum": ["tender"],
            "mergeStrategy": "ocdsVersion"
        },
        "planning": { 
            "title": "Planning",
            "description": "Information from the planning phase of the contracting process. This includes information related to the process of deciding what to contract for, when and how.",
            "$ref": "#/definitions/Planning"
        },
        "tender": {
            "title": "Tender",
            "description": "The activities undertaken in order to enter into a contract.",
            "$ref": "#/definitions/Tender"
        },
        "bids": {
            "title": "Bids",
            "description": "The bid section is used to publish summary statistics, and where applicable, individual bid information.",
            "$ref": "#/definitions/Bids"
        },
        "buyer": {
            "title": "Buyer",
            "description": "The buyer is the entity whose budget will be used to purchase the goods. This may be different from the procuring agency who may be specified in the tender data.",
            "$ref": "#/definitions/Organization"
        },
        "awards": { 
            "title": "Awards",
            "description": "Information from the award phase of the contracting process. There may be more than one award per contracting process e.g. because the contract is split amongst different providers, or because it is a standing offer.",
            "type": "array",
            "mergeStrategy": "arrayMergeById",
            "mergeOptions": {"idRef": "id"},
            "items": { "$ref": "#/definitions/Award" },
            "uniqueItems": true
        },
        "contracts": { 
            "title": "Contracts",
            "description": "Information from the contract creation phase of the procurement process.",
            "type": "array",
            "mergeStrategy": "arrayMergeById",
            "mergeOptions": {"idRef": "id"},
            "items": {"$ref": "#/definitions/Contract" },
            "uniqueItems": true
        },
        "language": {
            "title": "Release language",
            "description": "Specifies the default language of the data using either two-digit ISO 639-1, or extended BCP47 language tags. The use of two-letter codes from ISO 639-1 is strongly recommended.",
            "type": ["string", "null"],
            "default": "en",
            "mergeStrategy": "ocdsVersion"
        }
    },
    "required": ["ocid", "id", "date", "tag", "initiationType"],
    "definitions": {
        "Planning": {
            "title": "Planning",
            "description": "Information from the planning phase of the contracting process. Note that many other fields may be filled in a planning release, in the appropriate fields in other schema sections, these would likely be estimates at this stage e.g. totalValue in tender",
            "type": "object",
            "properties": {
                "budget": { "$ref": "#/definitions/Budget" },
                "rationale": {
                    "description": "The rationale for the procurement provided in free text. More detail can be provided in an attached document.",
                    "type": ["string", "null"],
                    "mergeStrategy": "ocdsVersion"
                },
                "documents": {
                    "description": "A list of documents related to the planning process.",
                    "type": "array",
                    "mergeStrategy": "arrayMergeById",
                    "mergeOptions": { "idRef": "id" },
                    "items": { "$ref": "#/definitions/Document" }
                }
            },
            "patternProperties": {
                "^(rationale_(((([A-Za-z]{2,3}(-([A-Za-z]{3}(-[A-Za-z]{3}){0,2}))?)|[A-Za-z]{4}|[A-Za-z]{5,8})(-([A-Za-z]{4}))?(-([A-Za-z]{2}|[0-9]{3}))?(-([A-Za-z0-9]{5,8}|[0-9][A-Za-z0-9]{3}))*(-([0-9A-WY-Za-wy-z](-[A-Za-z0-9]{2,8})+))*(-(x(-[A-Za-z0-9]{1,8})+))?)|(x(-[A-Za-z0-9]{1,8})+)))$": {
                    "type": ["string", "null"]
                }
            }
        },
        "Tender": {
            "title": "Tender",
            "description": "Data regarding tender process - publicly inviting prospective contractors to submit bids for evaluation and selecting a winner or winners.",
            "type": "object",
            "required": ["id"],
            "properties": {
                "id": {
                    "title": "Tender ID",
                    "description": "An identifier for this tender process. This may be the same as the ocid, or may be drawn from an internally held identifier for this tender.",
                    "type": ["string", "integer"],
                    "mergeStrategy": "ocdsVersion"
                },
                "title": {
                    "description": "Tender title",
                    "type": ["string", "null"],
                    "mergeStrategy": "ocdsVersion"
                },
                "description": {
                    "description": "Tender description",
                    "type": ["string", "null"],
                    "mergeStrategy": "ocdsVersion"
                },
                "status": {
                    "title": "Tender Status",
                    "description": "The current status of the tender based on the [tenderStatus codelist](http://ocds.open-contracting.org/standard/r/1__0__0/en/schema/codelists#tender-status)",
                    "type": ["string", "null"],
                    "enum": ["planned", "active", "cancelled", "unsuccessful", "complete", null],
                    "mergeStrategy": "ocdsVersion"
                },
                "items": {
                    "title": "Items to be procured",
                    "description": "The goods and services to be purchased, broken into line items wherever possible. Items should not be duplicated, but a quantity of 2 specified instead.",
                    "type": "array",
                    "mergeStrategy": "arrayMergeById",
                    "mergeOptions": { "idRef": "id" },
                    "items": { "$ref": "#/definitions/Item" },
                    "uniqueItems": true
                },
                "minValue": {
                    "description": "The minimum estimated value of the procurement.",
                    "$ref": "#/definitions/Value"
                },
                "value": {
                    "description": "The total upper estimated value of the procurement.",
                    "$ref": "#/definitions/Value"
                },
                "procurementMethod": {
                    "description": "Specify tendering method against the [method codelist](http://ocds.open-contracting.org/standard/r/1__0__0/en/schema/codelists#method) as per [GPA definitions](http://www.wto.org/english/docs_e/legal_e/rev-gpr-94_01_e.htm) of Open, Selective, Limited",
                    "type": ["string", "null"],
                    "enum": ["open", "selective", "limited", null],
                    "mergeStrategy": "ocdsVersion"
                },
                "procurementMethodRationale": {
                    "description": "Rationale of procurement method, especially in the case of Limited tendering.",
                    "type": ["string", "null"],
                    "mergeStrategy": "ocdsVersion"
                },
                "awardCriteria": {
                    "description": "Specify the award criteria for the procurement, using the [award criteria codelist](http://ocds.open-contracting.org/standard/r/1__0__0/en/schema/codelists#award-criteria)",
                    "type": ["string", "null"],
                    "mergeStrategy": "ocdsVersion"
                },
                "awardCriteriaDetails": {
                    "description": "Any detailed or further information on the award or selection criteria.",
                    "type": ["string", "null"],
                    "mergeStrategy": "ocdsVersion"
                },
                "submissionMethod": {
                    "description": "Specify the method by which bids must be submitted, in person, written, or electronic auction. Using the [submission method codelist](http://ocds.open-contracting.org/standard/r/1__0__0/en/schema/codelists#submission-method)",
                    "type": ["array", "null"],
                    "items": {
                        "type": "string"
                    },
                    "mergeStrategy": "ocdsVersion"
                },
                "submissionMethodDetails" : {
                    "description": "Any detailed or further information on the submission method. This may include the address, e-mail address or online service to which bids should be submitted, and any special requirements to be followed for submissions.",
                    "type": ["string", "null"],
                    "mergeStrategy": "ocdsVersion"
                },
                "tenderPeriod": {
                    "description": "The period when the tender is open for submissions. The end date is the closing date for tender submissions.",
                    "$ref": "#/definitions/Period"
                },
                "enquiryPeriod": {
                    "description": "The period during which enquiries may be made and answered.",
                    "$ref": "#/definitions/Period"
                },
                "hasEnquiries": {
                    "description": "A Yes/No field to indicate whether enquiries were part of tender process.",
                    "type": ["boolean", "null"],
                    "mergeStrategy": "ocdsVersion"
                },
                "eligibilityCriteria": {
                    "description": "A description of any eligibility criteria for potential suppliers.",
                    "type": ["string", "null"],
                    "mergeStrategy": "ocdsVersion"
                },
                "awardPeriod": {
                    "description": "The date or period on which an award is anticipated to be made.",
                    "$ref": "#/definitions/Period"
                },
                "numberOfTenderers": {
                    "definition": "The number of entities who submit a tender.",
                    "type": ["integer", "null"],
                    "mergeStrategy": "ocdsVersion"
                },
                "tenderers": {
                    "description": "All entities who submit a tender.",
                    "type": "array",
                    "items": { "$ref": "#/definitions/Organization" },
                    "uniqueItems": true,
                    "mergeStrategy": "ocdsVersion"
                },
                "procuringEntity": {
                    "description": "The entity managing the procurement, which may be different from the buyer who is paying / using the items being procured.",
                    "$ref": "#/definitions/Organization"
                },
                "documents": {
                    "description": "All documents and attachments related to the tender, including any notices. See the [documentType codelist](http://ocds.open-contracting.org/standard/r/1__0__0/en/schema/codelists#document-type) for details of potential documents to include.",
                    "type": "array",
                    "mergeStrategy": "arrayMergeById",
                    "mergeOptions": { "idRef": "id" },
                    "items": { "$ref": "#/definitions/Document" }
                },
                "milestones": {
                    "description": "A list of milestones associated with the tender.",
                    "type": "array",
                    "mergeStrategy": "arrayMergeById",
                    "mergeOptions": { "idRef": "id" },
                    "items": { "$ref": "#/definitions/Milestone" }
                },
                "amendment": { "$ref": "#/definitions/Amendment" }
            },
            "patternProperties": {
                "^(title_(((([A-Za-z]{2,3}(-([A-Za-z]{3}(-[A-Za-z]{3}){0,2}))?)|[A-Za-z]{4}|[A-Za-z]{5,8})(-([A-Za-z]{4}))?(-([A-Za-z]{2}|[0-9]{3}))?(-([A-Za-z0-9]{5,8}|[0-9][A-Za-z0-9]{3}))*(-([0-9A-WY-Za-wy-z](-[A-Za-z0-9]{2,8})+))*(-(x(-[A-Za-z0-9]{1,8})+))?)|(x(-[A-Za-z0-9]{1,8})+)))$": {
                    "type": ["string", "null"]
                },
                "^(description_(((([A-Za-z]{2,3}(-([A-Za-z]{3}(-[A-Za-z]{3}){0,2}))?)|[A-Za-z]{4}|[A-Za-z]{5,8})(-([A-Za-z]{4}))?(-([A-Za-z]{2}|[0-9]{3}))?(-([A-Za-z0-9]{5,8}|[0-9][A-Za-z0-9]{3}))*(-([0-9A-WY-Za-wy-z](-[A-Za-z0-9]{2,8})+))*(-(x(-[A-Za-z0-9]{1,8})+))?)|(x(-[A-Za-z0-9]{1,8})+)))$": {
                    "type": ["string", "null"]
                },
                "^(procurementMethodRationale_(((([A-Za-z]{2,3}(-([A-Za-z]{3}(-[A-Za-z]{3}){0,2}))?)|[A-Za-z]{4}|[A-Za-z]{5,8})(-([A-Za-z]{4}))?(-([A-Za-z]{2}|[0-9]{3}))?(-([A-Za-z0-9]{5,8}|[0-9][A-Za-z0-9]{3}))*(-([0-9A-WY-Za-wy-z](-[A-Za-z0-9]{2,8})+))*(-(x(-[A-Za-z0-9]{1,8})+))?)|(x(-[A-Za-z0-9]{1,8})+)))$": {
                    "type": ["string", "null"]
                },
                "^(awardCriteriaDetails_(((([A-Za-z]{2,3}(-([A-Za-z]{3}(-[A-Za-z]{3}){0,2}))?)|[A-Za-z]{4}|[A-Za-z]{5,8})(-([A-Za-z]{4}))?(-([A-Za-z]{2}|[0-9]{3}))?(-([A-Za-z0-9]{5,8}|[0-9][A-Za-z0-9]{3}))*(-([0-9A-WY-Za-wy-z](-[A-Za-z0-9]{2,8})+))*(-(x(-[A-Za-z0-9]{1,8})+))?)|(x(-[A-Za-z0-9]{1,8})+)))$": {
                    "type": ["string", "null"]
                },
                "^(submissionMethodDetails_(((([A-Za-z]{2,3}(-([A-Za-z]{3}(-[A-Za-z]{3}){0,2}))?)|[A-Za-z]{4}|[A-Za-z]{5,8})(-([A-Za-z]{4}))?(-([A-Za-z]{2}|[0-9]{3}))?(-([A-Za-z0-9]{5,8}|[0-9][A-Za-z0-9]{3}))*(-([0-9A-WY-Za-wy-z](-[A-Za-z0-9]{2,8})+))*(-(x(-[A-Za-z0-9]{1,8})+))?)|(x(-[A-Za-z0-9]{1,8})+)))$": {
                    "type": ["string", "null"]
                },
                "^(eligibilityCriteria_(((([A-Za-z]{2,3}(-([A-Za-z]{3}(-[A-Za-z]{3}){0,2}))?)|[A-Za-z]{4}|[A-Za-z]{5,8})(-([A-Za-z]{4}))?(-([A-Za-z]{2}|[0-9]{3}))?(-([A-Za-z0-9]{5,8}|[0-9][A-Za-z0-9]{3}))*(-([0-9A-WY-Za-wy-z](-[A-Za-z0-9]{2,8})+))*(-(x(-[A-Za-z0-9]{1,8})+))?)|(x(-[A-Za-z0-9]{1,8})+)))$": {
                    "type": ["string", "null"]
                }
            }
        },
      "BidsStatistic": {
        "title": "Bid Statistic",
        "description": "For reporting aggregate statistics about the bids related to a tender. Where lots are in use, statistics may optionally be broken down by lot. ",
        "type": [
          "object",
          "null"
        ],
        "required": [
          "id",
          "measure",
          "value"
        ],
        "properties": {
          "id": {
            "title": "ID",
            "description": "An internal identifier for this statistical item.",
            "type": [
              "string",
              "null"
            ]
          },
          "measure": {
            "title": "Measure",
            "description": "An item from the bidStatistics codelist for the statisic reported in value.",
            "type": [
              "string",
              "null"
            ],
            "codelist": "bidStatistics.csv",
            "openCodelist": true
          },
          "date": {
            "title": "Date",
            "description": "The date when this statistic was last updated. This is often the closing date of the tender process. This field can be left blank unless either (a) the same statistic is provided from multiple points in time, or (b) there is a specific local requirement for the data when statistics were calculated to be provided.",
            "type": [
              "string",
              "null"
            ],
            "format": "date-time"
          },
          "value": {
            "title": "Value",
            "description": "The value for the measure in question. Total counts should be provided as an integer. Percentages should be presented as a proportion of 1 (e.g. 10% = 0.1)",
            "type": [
              "number",
              "null"
            ]
          },
          "notes": {
            "title": "Notes",
            "description": "Any notes required to understand or interpret the given statistic.",
            "type": [
              "string",
              "null"
            ]
          },
          "relatedLot": {
            "title": "Related Lot",
            "description": "Where lots are in use, if this statistic relates to bids on a particular lot, provide the lot identifier here. If left blank, the statistic will be interpreted as applying to the whole tender.",
            "type": [
              "string",
              "null"
            ]
          }
        }
      },
      "Bids": {
        "title": "Bids",
        "description": "Summary and detailed information about bids received and evaluated as part of this contracting process.",
        "type": "object",
        "properties": {
          "statistics": {
            "title": "Statistics",
            "description": "Summary statistics on the number and nature of bids received. Where information is provided on individual bids, these statistics should match those that can be calculated from the bid details array.",
            "type": [
              "array"
            ],
            "items": {
              "$ref": "#/definitions/BidsStatistic"
            }
          },
          "details": {
            "title": "Bid details",
            "description": "An array of bids, providing information on the bidders, and where applicable, bid status, bid values and related documents. The extent to which this information can be disclosed varies from jurisdiction to jurisdiction.",
            "type": "array",
            "required": [
              "id"
            ],
            "items": {
              "$ref": "#/definitions/Bid"
            }
          }
        }
      },
      "Bid": {
        "title": "Bid",
        "description": "For representing a bid in response to the tender or qualification stage in this contracting process.",
        "type": "object",
        "required": [
          "id"
        ],
        "properties": {
          "id": {
            "title": "ID",
            "description": "A local identifier for this bid",
            "type": [
              "string"
            ]
          },
          "date": {
            "title": "Date",
            "description": "The date when this bid was received.",
            "type": [
              "string",
              "null"
            ],
            "format": "date-time"
          },
          "status": {
            "title": "Status",
            "description": "The status of the bid, drawn from the bidStatus codelist",
            "type": [
              "string",
              "null"
            ],
            "codelist": "bidStatus.csv",
            "openCodelist": false
          },
          "tenderers": {
            "title": "Tenderer",
            "description": "The party, or parties, responsible for this bid. This should provide a name and identifier, cross-referenced to an entry in the parties array at the top level of the release.",
            "type": [
              "array",
              "null"
            ],
            "items": {
              "$ref": "#/definitions/Organization"
            }
          },
          "value": {
            "title": "Value",
            "description": "The total value of the bid.",
            "$ref": "#/definitions/Value"
          },
          "documents": {
            "title": "Documents",
            "description": "All documents and attachments related to the bid and its evaluation.",
            "type": "array",
            "items": {
              "$ref": "#/definitions/Document"
            },
            "uniqueItems": true
          }
        }
      },
      "Award": {
            "title": "Award",
            "description": "An award for the given procurement. There may be more than one award per contracting process e.g. because the contract is split amongst different providers, or because it is a standing offer.",
            "type": "object",
            "required": ["id"],
            "properties": {
                "id": {
                    "title": "Award ID",
                    "description": "The identifier for this award. It must be unique and cannot change within the Open Contracting Process it is part of (defined by a single ocid). See the [identifier guidance](http://ocds.open-contracting.org/standard/r/1__0__0/en/key_concepts/identifiers/) for further details.",
                    "type": ["string", "integer"],
                    "mergeStrategy": "overwrite"
                },
                "title": {
                    "description": "Award title",
                    "type": ["string", "null"],
                    "mergeStrategy": "ocdsVersion"
                },
                "description": {
                    "description": "Award description",
                    "type": ["string", "null"],
                    "mergeStrategy": "ocdsVersion"
                },
                "status": {
                    "title": "Award Status",
                    "description": "The current status of the award drawn from the [awardStatus codelist](http://ocds.open-contracting.org/standard/r/1__0__0/en/schema/codelists/#award-status)",
                    "type": ["string", "null"],
                    "enum": ["pending", "active", "cancelled", "unsuccessful"],
                    "mergeStrategy": "ocdsVersion"
                },
                "date": {
                    "title": "Award date",
                    "description": "The date of the contract award. This is usually the date on which a decision to award was made.",
                    "type": ["string", "null"],
                    "format": "date-time",
                    "mergeStrategy": "ocdsVersion"
                },
                "value": {
                    "description": "The total value of this award. In the case of a framework contract this may be the total estimated lifetime value, or maximum value, of the agreement. There may be more than one award per procurement.",
                    "$ref": "#/definitions/Value"
                },
                "suppliers": {
                    "description": "The suppliers awarded this award. If different suppliers have been awarded different items of values, these should be split into separate award blocks.",
                    "type": "array",
                    "items": { "$ref": "#/definitions/Organization" },
                    "uniqueItems": true,
                    "mergeStrategy": "ocdsVersion"
                },
                "items": {
                    "title": "Items Awarded",
                    "description": "The goods and services awarded in this award, broken into line items wherever possible. Items should not be duplicated, but the quantity specified instead.",
                    "type": "array",
                    "minItems": 1,
                    "mergeStrategy": "arrayMergeById",
                    "mergeOptions": { "idRef": "id" },
                    "items": { "$ref": "#/definitions/Item" },
                    "uniqueItems": true
                },
                "contractPeriod": {
                    "description": "The period for which the contract has been awarded.",
                    "$ref": "#/definitions/Period"
                },
                "documents": {
                    "description": "All documents and attachments related to the award, including any notices.",
                    "type": "array",
                    "mergeStrategy": "arrayMergeById",
                    "mergeOptions": { "idRef": "id" },
                    "items": { "$ref": "#/definitions/Document" },
                    "uniqueItems": true
                },
                "amendment": { 
                    "$ref": "#/definitions/Amendment"
                }
            },
            "patternProperties": {
                "^(title_(((([A-Za-z]{2,3}(-([A-Za-z]{3}(-[A-Za-z]{3}){0,2}))?)|[A-Za-z]{4}|[A-Za-z]{5,8})(-([A-Za-z]{4}))?(-([A-Za-z]{2}|[0-9]{3}))?(-([A-Za-z0-9]{5,8}|[0-9][A-Za-z0-9]{3}))*(-([0-9A-WY-Za-wy-z](-[A-Za-z0-9]{2,8})+))*(-(x(-[A-Za-z0-9]{1,8})+))?)|(x(-[A-Za-z0-9]{1,8})+)))$": {
                    "type": ["string", "null"]
                },
                "^(description_(((([A-Za-z]{2,3}(-([A-Za-z]{3}(-[A-Za-z]{3}){0,2}))?)|[A-Za-z]{4}|[A-Za-z]{5,8})(-([A-Za-z]{4}))?(-([A-Za-z]{2}|[0-9]{3}))?(-([A-Za-z0-9]{5,8}|[0-9][A-Za-z0-9]{3}))*(-([0-9A-WY-Za-wy-z](-[A-Za-z0-9]{2,8})+))*(-(x(-[A-Za-z0-9]{1,8})+))?)|(x(-[A-Za-z0-9]{1,8})+)))$": {
                    "type": ["string", "null"]
                }
            }
        },
        "Contract": {
            "type": "object",
            "title": "Contract",
            "description": "Information regarding the signed contract between the buyer and supplier(s).",
            "required": ["id", "awardID"],
            "properties": {
                "id": {
                    "title": "Contract ID",
                    "description": "The identifier for this contract. It must be unique and cannot change within its Open Contracting Process (defined by a single ocid). See the [identifier guidance](http://ocds.open-contracting.org/standard/r/1__0__0/en/key_concepts/identifiers/) for further details.",
                    "type": ["string", "integer"],
                    "mergeStrategy": "overwrite"
                },
                "awardID": {
                    "title": "Award ID",
                    "description": "The award.id against which this contract is being issued.",
                    "type": ["string", "integer"],
                    "mergeStrategy": "ocdsVersion"
                },
                "title": {
                    "description": "Contract title",
                    "type": ["string", "null"],
                    "mergeStrategy": "ocdsVersion"
                },
                "description": {
                    "description": "Contract description",
                    "type": ["string", "null"],
                    "mergeStrategy": "ocdsVersion"
                },
                "status": {
                    "title": "Contract Status",
                    "description": "The current status of the contract. Drawn from the [contractStatus codelist](http://ocds.open-contracting.org/standard/r/1__0__0/en/schema/codelists/#contract-status)",
                    "type": ["string", "null"],
                    "enum": ["pending", "active", "cancelled", "terminated"],
                    "mergeStrategy": "ocdsVersion"
                },
                "period": {
                    "description": "The start and end date for the contract.",
                    "$ref": "#/definitions/Period"
                },
                "value": {
                    "description": "The total value of this contract.",
                    "$ref": "#/definitions/Value"
                },
                "items": {
                    "title": "Items Contracted",
                    "description": "The goods, services, and any intangible outcomes in this contract. Note: If the items are the same as the award do not repeat.",
                    "type": "array",
                    "minItems": 1,
                    "mergeStrategy": "arrayMergeById",
                    "mergeOptions": { "idRef": "id" },
                    "items": { "$ref": "#/definitions/Item" },
                    "uniqueItems": true
                },
                "dateSigned": {
                    "description": "The date the contract was signed. In the case of multiple signatures, the date of the last signature.",
                    "type": ["string", "null"],
                    "format": "date-time",
                    "mergeStrategy": "ocdsVersion"
                },
                "documents": {
                    "description": "All documents and attachments related to the contract, including any notices.",
                    "type": "array",
                    "mergeStrategy": "arrayMergeById",
                    "mergeOptions": { "idRef": "id" },
                    "items": { "$ref": "#/definitions/Document" },
                    "uniqueItems": true
                },
                "amendment": { 
                    "$ref": "#/definitions/Amendment"
                },
                "implementation": { 
                    "title": "Implementation",
                    "description": "Information related to the implementation of the contract in accordance with the obligations laid out therein.",
                    "$ref": "#/definitions/Implementation" 
                }
            },
            "patternProperties": {
                "^(title_(((([A-Za-z]{2,3}(-([A-Za-z]{3}(-[A-Za-z]{3}){0,2}))?)|[A-Za-z]{4}|[A-Za-z]{5,8})(-([A-Za-z]{4}))?(-([A-Za-z]{2}|[0-9]{3}))?(-([A-Za-z0-9]{5,8}|[0-9][A-Za-z0-9]{3}))*(-([0-9A-WY-Za-wy-z](-[A-Za-z0-9]{2,8})+))*(-(x(-[A-Za-z0-9]{1,8})+))?)|(x(-[A-Za-z0-9]{1,8})+)))$": {
                    "type": ["string", "null"]
                },
                "^(description_(((([A-Za-z]{2,3}(-([A-Za-z]{3}(-[A-Za-z]{3}){0,2}))?)|[A-Za-z]{4}|[A-Za-z]{5,8})(-([A-Za-z]{4}))?(-([A-Za-z]{2}|[0-9]{3}))?(-([A-Za-z0-9]{5,8}|[0-9][A-Za-z0-9]{3}))*(-([0-9A-WY-Za-wy-z](-[A-Za-z0-9]{2,8})+))*(-(x(-[A-Za-z0-9]{1,8})+))?)|(x(-[A-Za-z0-9]{1,8})+)))$": {
                    "type": ["string", "null"]
                }
            }
        },
        "Implementation": {
            "type": "object",
            "title": "Implementation",
            "description": "Information during the performance / implementation stage of the contract.",
            "properties": {
                "transactions": {
                    "description": "A list of the spending transactions made against this contract",
                    "type": "array",
                    "mergeStrategy": "arrayMergeById",
                    "mergeOptions": { "idRef": "id" },
                    "items": { "$ref": "#/definitions/Transaction" },
                    "uniqueItems": true
                },
                "milestones": {
                    "description": "As milestones are completed, milestone completions should be documented.",
                    "type": "array",
                    "mergeStrategy": "arrayMergeById",
                    "mergeOptions": { "idRef": "id" },
                    "items": { "$ref": "#/definitions/Milestone" },
                    "uniqueItems": true
                },
                "documents":{
                    "description": "Documents and reports that are part of the implementation phase e.g. audit and evaluation reports.",
                    "type": "array",
                    "mergeStrategy": "arrayMergeById",
                    "mergeOptions": { "idRef": "id" },
                    "items": { "$ref": "#/definitions/Document" },
                    "uniqueItems": true
                }
            }
        },
        "Milestone": {
            "type": "object",
            "required": ["id"],
            "properties": {
                "id": {
                    "description": "A local identifier for this milestone, unique within this block. This field is used to keep track of multiple revisions of a milestone through the compilation from release to record mechanism.",
                    "type": ["string", "integer"],
                    "mergeStrategy": "overwrite"
                },
                "title": {
                    "description": "Milestone title",
                    "type": ["string", "null"],
                    "mergeStrategy": "ocdsVersion"
                },
                "description": {
                    "description": "A description of the milestone.",
                    "type": ["string", "null"],
                    "mergeStrategy": "ocdsVersion"
                },
                "dueDate": {
                    "description": "The date the milestone is due.",
                    "type": ["string", "null"],
                    "format": "date-time",
                    "mergeStrategy": "ocdsVersion"
                },
                "dateModified" : {
                    "description": "The date the milestone was last reviewed or modified and the status was altered or confirmed to still be correct.",
                    "type": ["string", "null"],
                    "format": "date-time",
                    "mergeStrategy": "ocdsVersion"
                },
                "status": {
                    "description": "The status that was realized on the date provided in dateModified, drawn from the [milestoneStatus codelist](http://ocds.open-contracting.org/standard/r/1__0__0/en/schema/codelists#milestone-status).",
                    "type": ["string", "null"],
                    "enum": ["met", "notMet", "partiallyMet", null],
                    "mergeStrategy": "ocdsVersion"
                },
                "documents": {
                    "description": "List of documents associated with this milestone.",
                    "type": "array",
                    "mergeStrategy": "arrayMergeById",
                    "mergeOptions": { "idRef": "id" },
                    "items": { "$ref": "#/definitions/Document" },
                    "uniqueItems": true
                }
            },
            "patternProperties": {
                "^(title_(((([A-Za-z]{2,3}(-([A-Za-z]{3}(-[A-Za-z]{3}){0,2}))?)|[A-Za-z]{4}|[A-Za-z]{5,8})(-([A-Za-z]{4}))?(-([A-Za-z]{2}|[0-9]{3}))?(-([A-Za-z0-9]{5,8}|[0-9][A-Za-z0-9]{3}))*(-([0-9A-WY-Za-wy-z](-[A-Za-z0-9]{2,8})+))*(-(x(-[A-Za-z0-9]{1,8})+))?)|(x(-[A-Za-z0-9]{1,8})+)))$": {
                    "type": ["string", "null"]
                },
                "^(description_(((([A-Za-z]{2,3}(-([A-Za-z]{3}(-[A-Za-z]{3}){0,2}))?)|[A-Za-z]{4}|[A-Za-z]{5,8})(-([A-Za-z]{4}))?(-([A-Za-z]{2}|[0-9]{3}))?(-([A-Za-z0-9]{5,8}|[0-9][A-Za-z0-9]{3}))*(-([0-9A-WY-Za-wy-z](-[A-Za-z0-9]{2,8})+))*(-(x(-[A-Za-z0-9]{1,8})+))?)|(x(-[A-Za-z0-9]{1,8})+)))$": {
                    "type": ["string", "null"]
                }
            }
        },
        "Document": {
            "type": "object",
            "title": "Document",
            "description": "Links to, or descriptions of, external documents can be attached at various locations within the standard. Documents may be supporting information, formal notices, downloadable forms, or any other kind of resource that should be made public as part of full open contracting.",
            "required": ["id"],
            "properties": {
                "id": {
                    "description": "A local, unique identifier for this document. This field is used to keep track of multiple revisions of a document through the compilation from release to record mechanism.",
                    "type": ["string", "integer"],
                    "mergeStrategy": "overwrite"
                },
                "documentType": {
                    "description": "A classification of the document described taken from the [documentType codelist](http://ocds.open-contracting.org/standard/r/1__0__0/en/schema/codelists#document-type). Values from the provided codelist should be used wherever possible, though extended values can be provided if the codelist does not have a relevant code.",
                    "type": ["string", "null"],
                    "mergeStrategy": "ocdsVersion"
                },
                "title": {
                    "description": "The document title.",
                    "type": ["string", "null"],
                    "mergeStrategy": "ocdsVersion"
                },
                "description": {
                    "description": "A short description of the document. We recommend descriptions do not exceed 250 words. In the event the document is not accessible online, the description field can be used to describe arrangements for obtaining a copy of the document.",
                    "type": ["string", "null"],
                    "mergeStrategy": "ocdsVersion"
                },
                "url": {
                    "description": " direct link to the document or attachment. The server providing access to this document should be configured to correctly report the document mime type.",
                    "type": ["string", "null"],
                    "format": "uri",
                    "mergeStrategy": "ocdsVersion"
                },
                "datePublished": {
                    "description": "The date on which the document was first published. This is particularly important for legally important documents such as notices of a tender.",
                    "type": ["string", "null"],
                    "format": "date-time",
                    "mergeStrategy": "ocdsVersion"
                },
                "dateModified": {
                    "description": "Date that the document was last modified",
                    "type": ["string", "null"],
                    "format": "date-time",
                    "mergeStrategy": "ocdsVersion"
                },
                "format": {
                    "description": "The format of the document taken from the [IANA Media Types code list](http://www.iana.org/assignments/media-types/), with the addition of one extra value for 'offline/print', used when this document entry is being used to describe the offline publication of a document. Use values from the template column. Links to web pages should be tagged 'text/html'.",
                    "type": ["string", "null"],
                    "mergeStrategy": "ocdsVersion"
                },
                "language": {
                    "description": "Specifies the language of the linked document using either two-digit [ISO 639-1](https://en.wikipedia.org/wiki/List_of_ISO_639-1_codes), or extended [BCP47 language tags](http://www.w3.org/International/articles/language-tags/). The use of two-letter codes from [ISO 639-1](https://en.wikipedia.org/wiki/List_of_ISO_639-1_codes) is strongly recommended unless there is a clear user need for distinguishing the language subtype.",
                    "type": ["string", "null"],
                    "mergeStrategy": "ocdsVersion"
                }
            },
            "patternProperties": {
                "^(title_(((([A-Za-z]{2,3}(-([A-Za-z]{3}(-[A-Za-z]{3}){0,2}))?)|[A-Za-z]{4}|[A-Za-z]{5,8})(-([A-Za-z]{4}))?(-([A-Za-z]{2}|[0-9]{3}))?(-([A-Za-z0-9]{5,8}|[0-9][A-Za-z0-9]{3}))*(-([0-9A-WY-Za-wy-z](-[A-Za-z0-9]{2,8})+))*(-(x(-[A-Za-z0-9]{1,8})+))?)|(x(-[A-Za-z0-9]{1,8})+)))$": {
                    "type": ["string", "null"]
                },
                "^(description_(((([A-Za-z]{2,3}(-([A-Za-z]{3}(-[A-Za-z]{3}){0,2}))?)|[A-Za-z]{4}|[A-Za-z]{5,8})(-([A-Za-z]{4}))?(-([A-Za-z]{2}|[0-9]{3}))?(-([A-Za-z0-9]{5,8}|[0-9][A-Za-z0-9]{3}))*(-([0-9A-WY-Za-wy-z](-[A-Za-z0-9]{2,8})+))*(-(x(-[A-Za-z0-9]{1,8})+))?)|(x(-[A-Za-z0-9]{1,8})+)))$": {
                    "type": ["string", "null"]
                }
            }
        },
        "Budget": {
            "type": "object",
            "title": "Budget Information",
            "description": "This section contain information about the budget line, and associated projects, through which this contracting process is funded. It draws upon data model of the [Budget Data Package](https://github.com/openspending/budget-data-package/blob/master/specification.md), and should be used to cross-reference to more detailed information held using a Budget Data Package, or, where no linked Budget Data Package is available, to provide enough information to allow a user to manually or automatically cross-reference with another published source of budget and project information.",
            "mergeStrategy": "ocdsVersion",
            "properties": {
                "source": {
                    "title": "Data Source",
                    "description": "Used to point either to a corresponding Budget Data Package, or to a machine or human-readable source where users can find further information on the budget line item identifiers, or project identifiers, provided here.",
                    "type":["string", "null"],
                    "mergeStrategy": "ocdsVersion",
                    "format": "uri"
                },
                "id":{ 
                    "description": "An identifier for the budget line item which provides funds for this contracting process. This identifier should be possible to cross-reference against the provided data source.",
                    "mergeStrategy": "ocdsVersion",
                    "type":["string", "integer", "null"]
                },
                "description": {
                    "title": "Budget Source",
                    "description": "A short free text description of the budget source. May be used to provide the title of the budget line, or the programme used to fund this project.",
                    "mergeStrategy": "ocdsVersion",
                    "type": ["string", "null"]
                },
                "amount": { 
                    "description": "The value of the budget line item.",
                    "$ref": "#/definitions/Value"
                },
                "project": {
                    "title": "Project Title",
                    "description": "The name of the project that through which this contracting process is funded (if applicable). Some organizations maintain a registry of projects, and the data should use the name by which the project is known in that registry. No translation option is offered for this string, as translated values can be provided in third-party data, linked from the data source above.",
                    "mergeStrategy": "ocdsVersion",
                    "type": ["string", "null"]
                },
                "projectID": {
                    "title": "Project Identifier",
                    "description": "An external identifier for the project that this contracting process forms part of, or is funded via (if applicable). Some organizations maintain a registry of projects, and the data should use the identifier from the relevant registry of projects.",
                    "mergeStrategy": "ocdsVersion",
                    "type": ["string", "integer", "null"]
                },
                "uri":{
                    "title": "Linked budget information",
                    "description": "A URI pointing directly to a machine-readable record about the related budget or projects for this contracting process.",
                    "mergeStrategy": "ocdsVersion",
                    "type": ["string", "null"],
                    "format": "uri"
                }
            },
            "patternProperties": {
                "^(source_(((([A-Za-z]{2,3}(-([A-Za-z]{3}(-[A-Za-z]{3}){0,2}))?)|[A-Za-z]{4}|[A-Za-z]{5,8})(-([A-Za-z]{4}))?(-([A-Za-z]{2}|[0-9]{3}))?(-([A-Za-z0-9]{5,8}|[0-9][A-Za-z0-9]{3}))*(-([0-9A-WY-Za-wy-z](-[A-Za-z0-9]{2,8})+))*(-(x(-[A-Za-z0-9]{1,8})+))?)|(x(-[A-Za-z0-9]{1,8})+)))$": {
                    "type": ["string", "null"]
                },
                "^(description_(((([A-Za-z]{2,3}(-([A-Za-z]{3}(-[A-Za-z]{3}){0,2}))?)|[A-Za-z]{4}|[A-Za-z]{5,8})(-([A-Za-z]{4}))?(-([A-Za-z]{2}|[0-9]{3}))?(-([A-Za-z0-9]{5,8}|[0-9][A-Za-z0-9]{3}))*(-([0-9A-WY-Za-wy-z](-[A-Za-z0-9]{2,8})+))*(-(x(-[A-Za-z0-9]{1,8})+))?)|(x(-[A-Za-z0-9]{1,8})+)))$": {
                    "type": ["string", "null"]
                },
                "^(project_(((([A-Za-z]{2,3}(-([A-Za-z]{3}(-[A-Za-z]{3}){0,2}))?)|[A-Za-z]{4}|[A-Za-z]{5,8})(-([A-Za-z]{4}))?(-([A-Za-z]{2}|[0-9]{3}))?(-([A-Za-z0-9]{5,8}|[0-9][A-Za-z0-9]{3}))*(-([0-9A-WY-Za-wy-z](-[A-Za-z0-9]{2,8})+))*(-(x(-[A-Za-z0-9]{1,8})+))?)|(x(-[A-Za-z0-9]{1,8})+)))$": {
                    "type": ["string", "null"]
                }
            }
        },
        "Transaction": {
            "type": "object",
            "title": "Transaction Information",
            "description": "A spending transaction related to the contracting process. Draws upon the data models of the [Budget Data Package](https://github.com/openspending/budget-data-package/blob/master/specification.md) and the [International Aid Transpareny Initiative](http://iatistandard.org/activity-standard/iati-activities/iati-activity/transaction/) and should be used to cross-reference to more detailed information held using a Budget Data Package, IATI file, or to provide enough information to allow a user to manually or automatically cross-reference with some other published source of transactional spending data.",
            "required": ["id"],
            "properties": {
                "id":{ 
                    "description": "A unique identifier for this transaction. This identifier should be possible to cross-reference against the provided data source. For the budget data package this is the id, for IATI, the transaction reference.",
                    "type": ["string", "integer"],
                    "mergeStrategy": "overwrite"
                },
                "source": {
                    "title": "Data Source",
                    "description": "Used to point either to a corresponding Budget Data Package, IATI file, or machine or human-readable source where users can find further information on the budget line item identifiers, or project identifiers, provided here.",
                    "mergeStrategy": "ocdsVersion",
                    "type": ["string", "null"],
                    "format": "uri"
                },
                "date": {
                    "description": "The date of the transaction",
                    "mergeStrategy": "ocdsVersion",
                    "type": ["string", "null"],
                    "format": "date-time"
                },
                "amount": { 
                    "description": "The value of the transaction.",
                    "$ref": "#/definitions/Value"
                },
                "providerOrganization":{
                    "description": "The Organization Identifier for the organization from which the funds in this transaction originate. Expressed following the Organizational Identifier standard - consult the documentation and the codelist.",
                    "$ref": "#/definitions/Identifier"
                },
                "receiverOrganization":{
                    "description": "The Organization Identifier for the organization which receives the funds in this transaction. Expressed following the Organizational Identifier standard - consult the documentation and the codelist.",
                    "$ref": "#/definitions/Identifier"
                },
                "uri":{
                    "title":"Linked spending information",
                    "description":"A URI pointing directly to a machine-readable record about this spending transaction.",
                    "mergeStrategy": "ocdsVersion",
                    "type":["string", "null"],
                    "format":"uri"
                }
            }
        },
      "OrganizationReference": {
        "properties": {
          "name": {
            "type": [
              "string",
              "null"
            ],
            "description": "The name of the party being referenced. This must match the name of an entry in the parties section.",
            "title": "Organization name",
            "minLength": 1
          },
          "id": {
            "type": [
              "string",
              "integer"
            ],
            "description": "The id of the party being referenced. This must match the id of an entry in the parties section.",
            "title": "Organization ID",
            "minLength": 1
          },
          "identifier": {
            "title": "Primary identifier",
            "description": "The primary identifier for this organization. Identifiers that uniquely pick out a legal entity should be preferred. Consult the [organization identifier guidance](http://standard.open-contracting.org/1.1/en/schema/identifiers/) for the preferred scheme and identifier to use.",
            "deprecated": {
              "deprecatedVersion": "1.1",
              "description": "From version 1.1, organisations should be referenced by their identifier and name in a document, and detailed legal identifier information should only be provided in the relevant cross-referenced entry in the parties section at the top level of a release."
            },
            "$ref": "#/definitions/Identifier"
          },
          "address": {
            "deprecated": {
              "deprecatedVersion": "1.1",
              "description": "From version 1.1, organisations should be referenced by their identifier and name in a document, and address information should only be provided in the relevant cross-referenced entry in the parties section at the top level of a release."
            },
            "$ref": "#/definitions/Address",
            "description": "(Deprecated outside the parties section)",
            "title": "Address"
          },
          "additionalIdentifiers": {
            "type": "array",
            "deprecated": {
              "deprecatedVersion": "1.1",
              "description": "From version 1.1, organisations should be referenced by their identifier and name in a document, and additional identifiers for an organisation should be provided in the relevant cross-referenced entry in the parties section at the top level of a release."
            },
            "items": {
              "$ref": "#/definitions/Identifier"
            },
            "title": "Additional identifiers",
            "uniqueItems": true,
            "wholeListMerge": true,
            "description": "(Deprecated outside the parties section) A list of additional / supplemental identifiers for the organization, using the [organization identifier guidance](http://standard.open-contracting.org/1.1/en/schema/identifiers/). This could be used to provide an internally used identifier for this organization in addition to the primary legal entity identifier."
          },
          "contactPoint": {
            "deprecated": {
              "deprecatedVersion": "1.1",
              "description": "From version 1.1, organisations should be referenced by their identifier and name in a document, and contact point information for an organisation should be provided in the relevant cross-referenced entry in the parties section at the top level of a release."
            },
            "$ref": "#/definitions/ContactPoint",
            "description": "(Deprecated outside the parties section)",
            "title": "Contact point"
          }
        },
        "required": [
          "id",
          "name"
        ],
        "type": "object",
        "description": "The id and name of the party being referenced. Used to cross-reference to the parties section",
        "title": "Organization reference"
      },
        "Organization": {
            "title": "Organization",
            "description": "An organization.",
            "type": "object",
            "properties": {
                "identifier": { 
                    "description": "The primary identifier for this organization. Identifiers that uniquely pick out a legal entity should be preferred. Consult the [organization identifier guidance](http://ocds.open-contracting.org/standard/r/1__0__0/en/key_concepts/identifiers/#organization-identifiers) for the preferred scheme and identifier to use.",
                    "$ref": "#/definitions/Identifier" 
                },
                "additionalIdentifiers": { 
                    "description": "A list of additional / supplemental identifiers for the organization, using the [organization identifier guidance](http://ocds.open-contracting.org/standard/r/1__0__0/en/key_concepts/identifiers/#organization-identifiers). This could be used to provide an internally used identifier for this organization in addition to the primary legal entity identifier.",
                    "type": "array",
                    "mergeStrategy": "ocdsVersion",
                    "items": { "$ref": "#/definitions/Identifier" },
                    "uniqueItems": true
                },
                "name": {
                    "description": "The common name of the organization. The ID property provides an space for the formal legal name, and so this may either repeat that value, or could provide the common name by which this organization is known. This field could also include details of the department or sub-unit involved in this contracting process.",
                    "mergeStrategy": "ocdsVersion",
                    "type": ["string", "null"]
                },
                "address": { "$ref": "#/definitions/Address" },
                "contactPoint": { "$ref": "#/definitions/ContactPoint" }
            },
            "patternProperties": {
                "^(name_(((([A-Za-z]{2,3}(-([A-Za-z]{3}(-[A-Za-z]{3}){0,2}))?)|[A-Za-z]{4}|[A-Za-z]{5,8})(-([A-Za-z]{4}))?(-([A-Za-z]{2}|[0-9]{3}))?(-([A-Za-z0-9]{5,8}|[0-9][A-Za-z0-9]{3}))*(-([0-9A-WY-Za-wy-z](-[A-Za-z0-9]{2,8})+))*(-(x(-[A-Za-z0-9]{1,8})+))?)|(x(-[A-Za-z0-9]{1,8})+)))$": {
                    "type": ["string", "null"]
                }
            }
        },
        "Item": {
            "type": "object",
            "description": "A good, service, or work to be contracted.",
            "required": ["id"],
            "properties": {
                "id": {
                    "description": "A local identifier to reference and merge the items by. Must be unique within a given array of items.",
                    "type": ["string", "integer"],
                    "mergeStrategy": "overwrite"
                },
                "description": {
                    "description": "A description of the goods, services to be provided.",
                    "mergeStrategy": "ocdsVersion",
                    "type": ["string", "null"]
                },
                "classification": {
                    "description": "The primary classification for the item. See the [itemClassificationScheme](http://ocds.open-contracting.org/standard/r/1__0__0/en/schema/codelists#item-classification-scheme) to identify preferred classification lists, including CPV and GSIN.",
                    "$ref": "#/definitions/Classification"
                },
                "additionalClassifications": {
                    "description": "An array of additional classifications for the item. See the [itemClassificationScheme](http://ocds.open-contracting.org/standard/r/1__0__0/en/schema/codelists#item-classification-scheme) codelist for common options to use in OCDS. This may also be used to present codes from an internal classification scheme.",
                    "type": "array",
                    "mergeStrategy": "ocdsVersion",
                    "items": { "$ref": "#/definitions/Classification" },
                    "uniqueItems": true
                },
                "quantity": {
                    "description": "The number of units required",
                    "mergeStrategy": "ocdsVersion",
                    "minimum": 0,
                    "type": ["number", "null"]
                },
                "unit": {
                    "description": "Description of the unit which the good comes in e.g. hours, kilograms. Made up of a unit name, and the value of a single unit.",
                    "type": "object",
                    "properties": {
                        "name": {
                            "description": "Name of the unit",
                            "mergeStrategy": "ocdsVersion",
                            "type": ["string", "null"]
                        },
                        "value": {
                            "description": "The monetary value of a single unit.",
                            "$ref": "#/definitions/Value"
                        }
                    },
                    "patternProperties": {
                        "^(name_(((([A-Za-z]{2,3}(-([A-Za-z]{3}(-[A-Za-z]{3}){0,2}))?)|[A-Za-z]{4}|[A-Za-z]{5,8})(-([A-Za-z]{4}))?(-([A-Za-z]{2}|[0-9]{3}))?(-([A-Za-z0-9]{5,8}|[0-9][A-Za-z0-9]{3}))*(-([0-9A-WY-Za-wy-z](-[A-Za-z0-9]{2,8})+))*(-(x(-[A-Za-z0-9]{1,8})+))?)|(x(-[A-Za-z0-9]{1,8})+)))$": {
                            "type": ["string", "null"]
                        }
                    }
                }
            },
            "patternProperties": {
                "^(description_(((([A-Za-z]{2,3}(-([A-Za-z]{3}(-[A-Za-z]{3}){0,2}))?)|[A-Za-z]{4}|[A-Za-z]{5,8})(-([A-Za-z]{4}))?(-([A-Za-z]{2}|[0-9]{3}))?(-([A-Za-z0-9]{5,8}|[0-9][A-Za-z0-9]{3}))*(-([0-9A-WY-Za-wy-z](-[A-Za-z0-9]{2,8})+))*(-(x(-[A-Za-z0-9]{1,8})+))?)|(x(-[A-Za-z0-9]{1,8})+)))$": {
                    "type": ["string", "null"]
                }
            }
        },
        "Amendment": {
            "type": "object",
            "title": "Amendment information",
            "properties": {
                "date": {
                    "title": "Amendment Date",
                    "description":"The data of this amendment.",
                    "type": ["string", "null"],
                    "format": "date-time",
                    "mergeStrategy": "ocdsVersion"
                },
                "changes": {
                    "title": "Amended fields",
                    "description": "Comma-seperated list of affected fields.",
                    "mergeStrategy": "ocdsVersion",
                    "type": "array",
                    "items": {
                        "type": "object",
                        "properties": {
                            "property": {
                                "description": "The property name that has been changed relative to the place the amendment is. For example if the contract value has changed, then the property under changes within the contract.amendment would be value.amount. ",
                                "type": "string"
                            },
                            "former_value": {
                                "description": "The previous value of the changed property, in whatever type the property is.",
                                "type": ["string", "number", "integer", "array", "object", "null"]
                            }
                        }
                    }
                },
                "rationale": {
                    "description": "An explanation for the amendment.",
                    "type": ["string", "null"],
                    "mergeStrategy": "ocdsVersion"
                }
            },
            "patternProperties": {
                "^(rationale_(((([A-Za-z]{2,3}(-([A-Za-z]{3}(-[A-Za-z]{3}){0,2}))?)|[A-Za-z]{4}|[A-Za-z]{5,8})(-([A-Za-z]{4}))?(-([A-Za-z]{2}|[0-9]{3}))?(-([A-Za-z0-9]{5,8}|[0-9][A-Za-z0-9]{3}))*(-([0-9A-WY-Za-wy-z](-[A-Za-z0-9]{2,8})+))*(-(x(-[A-Za-z0-9]{1,8})+))?)|(x(-[A-Za-z0-9]{1,8})+)))$": {
                    "type": ["string", "null"]
                }
            }
        },
        "Classification": {
            "type": "object",
            "properties": {
                "scheme": {
                    "description": "An classification should be drawn from an existing scheme or list of codes. This field is used to indicate the scheme/codelist from which the classification is drawn. For line item classifications, this value should represent an known [Item Classification Scheme](http://ocds.open-contracting.org/standard/r/1__0__0/en/schema/codelists/#item-classification-scheme) wherever possible.",
                    "type": ["string", "null"],
                    "mergeStrategy": "ocdsVersion"
                },
                "id": {
                    "description": "The classification code drawn from the selected scheme.",
                    "type": ["string", "integer", "null"],
                    "mergeStrategy": "ocdsVersion"
                },
                "description": {
                    "description": "A textual description or title for the code.",
                    "type": ["string", "null"],
                    "mergeStrategy": "ocdsVersion"
                },
                "uri": {
                    "description": "A URI to identify the code. In the event individual URIs are not available for items in the identifier scheme this value should be left blank.",
                    "type": ["string", "null"],
                    "format" : "uri",
                    "mergeStrategy": "ocdsVersion"
                }
            },
            "patternProperties": {
                "^(description_(((([A-Za-z]{2,3}(-([A-Za-z]{3}(-[A-Za-z]{3}){0,2}))?)|[A-Za-z]{4}|[A-Za-z]{5,8})(-([A-Za-z]{4}))?(-([A-Za-z]{2}|[0-9]{3}))?(-([A-Za-z0-9]{5,8}|[0-9][A-Za-z0-9]{3}))*(-([0-9A-WY-Za-wy-z](-[A-Za-z0-9]{2,8})+))*(-(x(-[A-Za-z0-9]{1,8})+))?)|(x(-[A-Za-z0-9]{1,8})+)))$": {
                    "type": ["string", "null"]
                }
            }
        },
        "Identifier": {
            "type": "object",
            "properties": {
                "scheme": {
                    "description": "Organization identifiers be drawn from an existing identification scheme. This field is used to indicate the scheme or codelist in which the identifier will be found. This value should be drawn from the [Organization Identifier Scheme](http://ocds.open-contracting.org/standard/r/1__0__0/en/schema/codelists/#organization-identifier-scheme).",
                    "type": ["string", "null"],
                    "mergeStrategy": "ocdsVersion"
                },
                "id": {
                    "description": "The identifier of the organization in the selected scheme.",
                    "type": ["string", "integer", "null"],
                    "mergeStrategy": "ocdsVersion"
                },
                "legalName": {
                    "description": "The legally registered name of the organization.",
                    "type": ["string", "null"],
                    "mergeStrategy": "ocdsVersion"
                },
                "uri": {
                    "description": "A URI to identify the organization, such as those provided by [Open Corporates](http://www.opencorporates.com) or some other relevant URI provider. This is not for listing the website of the organization: that can be done through the url field of the Organization contact point.",
                    "type": ["string", "null"],
                    "format" : "uri",
                    "mergeStrategy": "ocdsVersion"
                }
            },
            "patternProperties": {
                "^(legalName_(((([A-Za-z]{2,3}(-([A-Za-z]{3}(-[A-Za-z]{3}){0,2}))?)|[A-Za-z]{4}|[A-Za-z]{5,8})(-([A-Za-z]{4}))?(-([A-Za-z]{2}|[0-9]{3}))?(-([A-Za-z0-9]{5,8}|[0-9][A-Za-z0-9]{3}))*(-([0-9A-WY-Za-wy-z](-[A-Za-z0-9]{2,8})+))*(-(x(-[A-Za-z0-9]{1,8})+))?)|(x(-[A-Za-z0-9]{1,8})+)))$": {
                    "type": ["string", "null"]
                }
            }
        },
        "Address": {
            "description": "An address. This may be the legally registered address of the organization, or may be a correspondence address for this particular contracting process.",
            "type": "object",
            "properties": {
                "streetAddress": {
                    "type": ["string", "null"],
                    "description": "The street address. For example, 1600 Amphitheatre Pkwy.",
                    "mergeStrategy": "ocdsVersion"
                },
                "locality":{
                    "type": ["string", "null"],
                    "description": "The locality. For example, Mountain View.",
                    "mergeStrategy": "ocdsVersion"
                },
                "region": {
                    "type": ["string", "null"],
                    "description":"The region. For example, CA.",
                    "mergeStrategy": "ocdsVersion"
                },
                "postalCode": {
                    "type": ["string", "null"],
                    "description":"The postal code. For example, 94043.",
                    "mergeStrategy": "ocdsVersion"
                },
                "countryName": {
                    "type": ["string", "null"],
                    "description":"The country name. For example, United States.",
                    "mergeStrategy": "ocdsVersion"
                }
            },
            "patternProperties": {
                "^(countryName_(((([A-Za-z]{2,3}(-([A-Za-z]{3}(-[A-Za-z]{3}){0,2}))?)|[A-Za-z]{4}|[A-Za-z]{5,8})(-([A-Za-z]{4}))?(-([A-Za-z]{2}|[0-9]{3}))?(-([A-Za-z0-9]{5,8}|[0-9][A-Za-z0-9]{3}))*(-([0-9A-WY-Za-wy-z](-[A-Za-z0-9]{2,8})+))*(-(x(-[A-Za-z0-9]{1,8})+))?)|(x(-[A-Za-z0-9]{1,8})+)))$": {
                    "type": ["string", "null"]
                }
            }
        },
        "ContactPoint": {
            "type": "object",
            "description": "An person, contact point or department to contact in relation to this contracting process.",
            "properties": {
                "name": {
                    "type": ["string", "null"],
                    "description":"The name of the contact person, department, or contact point, for correspondence relating to this contracting process.",
                    "mergeStrategy": "ocdsVersion"
                },
                "email":{
                    "type": ["string", "null"],
                    "description":"The e-mail address of the contact point/person.",
                    "mergeStrategy": "ocdsVersion"
                },
                "telephone": {
                    "type": ["string", "null"],
                    "description":"The telephone number of the contact point/person. This should include the international dialling code.",
                    "mergeStrategy": "ocdsVersion"
                },
                "faxNumber": {
                    "type": ["string", "null"],
                    "description":"The fax number of the contact point/person. This should include the international dialling code.",
                    "mergeStrategy": "ocdsVersion"
                },
                "url": {
                    "type": ["string", "null"],
                    "description":"A web address for the contact point/person.",
                    "format": "uri",
                    "mergeStrategy": "ocdsVersion"
                }
            },
            "patternProperties": {
                "^(name_(((([A-Za-z]{2,3}(-([A-Za-z]{3}(-[A-Za-z]{3}){0,2}))?)|[A-Za-z]{4}|[A-Za-z]{5,8})(-([A-Za-z]{4}))?(-([A-Za-z]{2}|[0-9]{3}))?(-([A-Za-z0-9]{5,8}|[0-9][A-Za-z0-9]{3}))*(-([0-9A-WY-Za-wy-z](-[A-Za-z0-9]{2,8})+))*(-(x(-[A-Za-z0-9]{1,8})+))?)|(x(-[A-Za-z0-9]{1,8})+)))$": {
                    "type": ["string", "null"]
                }
            }
        },
        "Value": {
            "type": "object",
            "properties": {
                "amount": {
                    "description": "Amount as a number.",
                    "type": ["number", "null"],
                    "minimum": 0,
                    "mergeStrategy": "ocdsVersion"
                },
                "currency": {
                    "description": "The currency in 3-letter ISO 4217 format.",
                    "type": ["string", "null"],
                    "mergeStrategy": "ocdsVersion"
                }
            }
        },
        "Period": {
            "type": "object",
            "title": "Period",
            "properties": {
                "startDate": { 
                    "description": "The start date for the period.",
                    "type": ["string", "null"],
                    "format": "date-time",
                    "mergeStrategy": "ocdsVersion"
                },
                "endDate": {
                    "description": "The end date for the period.",
                    "type": ["string", "null"],
                    "format": "date-time",
                    "mergeStrategy": "ocdsVersion"
                }
            }
        }
    }
}
