<?xml version="1.0" encoding="UTF-8"?>
<configuration>

    <appender name="STDOUT" class="ch.qos.logback.core.ConsoleAppender">
        <encoder>
            <pattern>%d{HH:mm:ss.SSS} [%thread] %-5level %logger{36} - %msg%n</pattern>
        </encoder>
    </appender>

<!--     <logger name="org.hibernate.SQL" > -->
<!--         <level value="INFO" /> -->
<!--     </logger> -->

    <logger name="org.zalando.catwatch">
        <level value="DEBUG" />
    </logger>

    <root>
        <level value="INFO" />
        <appender-ref ref="STDOUT" />
    </root>

</configuration>
