id,encounter_condition_id,identifier,is_default
1,1,swarm-yes,0
2,1,swarm-no,1
3,2,time-morning,0
4,2,time-day,1
5,2,time-night,0
6,3,radar-on,0
7,3,radar-off,1
8,4,slot2-none,1
9,4,slot2-ruby,0
10,4,slot2-sapphire,0
11,4,slot2-emerald,0
12,4,slot2-firered,0
13,4,slot2-leafgreen,0
14,5,radio-off,1
15,5,radio-hoenn,0
16,5,radio-sinnoh,0
17,6,season-spring,0
18,6,season-summer,0
19,6,season-autumn,0
20,6,season-winter,0
21,7,starter-bulbasaur,0
22,7,starter-squirtle,0
23,7,starter-charmander,0
24,7,starter-chespin,0
25,7,starter-fennekin,0
26,7,starter-froakie,0
27,8,tv-option-blue,1
28,8,tv-option-red,0
29,9,story-progress-awakened-beasts,0
30,9,story-progress-beat-galactic-coronet,0
31,9,story-progress-oak-eterna-city,0
32,9,story-progress-vermilion-copycat,0
33,9,story-progress-met-tornadus-thundurus,0
34,9,story-progress-beat-elite-four-round-two,0
35,9,story-progress-hall-of-fame,0
36,9,story-progress-none,1
37,9,story-progress-national-dex,0
38,10,other-none,1
39,10,other-snorlax-11-beat-league,0
40,10,other-virtual-console,0
41,9,story-progress-cure-eldritch-nightmares,0
42,10,other-talk-to-cynthias-grandmother,0
43,11,item-none,1
44,11,item-adamant-orb,0
45,11,item-lustrous-orb,0
46,11,item-helix-fossil,0
47,11,item-dome-fossil,0
48,11,item-old-amber,0
49,11,item-root-fossil,0
50,11,item-claw-fossil,0
51,9,story-progress-defeat-jupiter,0
52,9,story-progress-beat-team-galactic-iron-island,0
53,10,other-correct-password,0
54,9,story-progress-zephyr-badge,0
55,9,story-progress-beat-red,0
56,10,other-received-kanto-starter,0
57,9,story-progress-receive-tm-from-claire,0
58,10,other-regirock-regice-registeel-in-party,0
59,12,weekday-sunday,0
60,12,weekday-monday,0
61,12,weekday-tuesday,0
62,12,weekday-wednesday,0
63,12,weekday-thursday,0
64,12,weekday-friday,0
65,12,weekday-saturday,0
66,13,first-party-pokemon-high-friendship,0
67,9,story-progress-defeat-mars,0
68,11,item-odd-keystone,0
69,10,other-talked-to-32-people-underground,0
70,9,story-progress-returned-machine-part,0
71,10,other-event-arceus-in-party,0
72,14,special-encounter-couldnt-capture-before,0
73,11,item-ice-key,0
74,11,item-iron-key,0
75,9,story-progress-juniper-cave-of-being,0
76,11,item-lunar-wing,0
77,9,story-progress-quake-badge,0
78,11,item-light-stone,0
79,11,item-dark-stone,0
80,10,other-captured-reshiram-or-zekrom,0
81,9,defeated-ghetsis,0
82,10,other-found-11-times-roaming,0
83,2,time-minute-00-to-19,0
84,2,time-minute-20-to-39,0
85,2,time-minute-40-to-59,0
86,2,time-04-00-to-19-59,0
87,2,time-20-00-to-21-59,0
88,2,time-21-00-to-03-59,0
89,11,item-tidal-bell,0
90,11,item-clear-bell,0
91,9,story-progress-defeated-groudon-or-kyogre,0
92,10,other-uxie-mesprit-azelf-in-party,0
93,10,other-nicknamed-cold-item-regice-regirock-registeel3,0
94,10,other-dialga-or-palkia-in-party,0
95,10,other-castform-in-party,0
96,10,other-level-100-pokemon-in-party,0
97,10,other-tornadus-thundurus-in-party,0
98,10,other-reshiram-zekrom-in-party,0
99,10,other-captured-all-ultra-beasts,0
100,9,story-progress-finished-looker-sidequest,0
101,9,story-progress-beat-olivias-trial,0
102,10,other-raikou-entei-in-party,0
103,10,other-groudon-kyogre-in-party,0
104,10,other-dialga-palkia-in-party,0
105,10,other-scan-qr-code,0
