{
    "manufacturers": [
        {
            "name": "Volkswagen",
            "matches": ["volkswagen", "vw"]
        },
        {
            "name": "BMW",
            "matches": ["bmw"]
        },
        {
            "name": "Mercedes Benz",
            "matches": ["mercedes", "mercedes benz", "benz", "daimler"]
        },
        {
            "name": "Audi",
            "matches": ["audi"]
        },
        {
            "name": "Skoda",
            "matches": ["skoda"]
        },
        {
            "name": "Citroen",
            "matches": ["citroen"]
        },
        {
            "name": "Volvo",
            "matches": ["volvo"]
        },
        {
            "name": "Peugeot",
            "matches": ["peugeot"]
        },
        {
            "name": "Nissan",
            "matches": ["nissan"]
        },
        {
            "name": "Toyota",
            "matches": ["toyota"]
        },
        {
            "name": "Suzuki",
            "matches": ["suzuki"]
        },
        {
            "name": "Honda",
            "matches": ["honda"]
        },
        {
            "name": "Opel",
            "matches": ["opel"]
        },
        {
            "name": "Subaru",
            "matches": ["subaru"]
        },
        {
            "name": "Mitsubishi",
            "matches": ["mitsubishi"]
        },
        {
            "name": "Ford",
            "matches": ["ford"]
        },
        {
            "name": "Renault",
            "matches": ["renault"]
        },
        {
            "name": "Jeep",
            "matches": ["jeep"]
        },
        {
            "name": "Chrysler",
            "matches": ["chrysler"]
        },
        {
            "name": "Fiat",
            "matches": ["fiat"]
        },
        {
            "name": "Mazda",
            "matches": ["mazda"]
        },
        {
            "name": "Seat",
            "matches": ["seat"]
        },
        {
            "name": "Lexus",
            "matches": ["lexus"]
        },
        {
            "name": "Kia",
            "matches": ["kia"]
        },
        {
            "name": "Fiat",
            "matches": ["fiat"]
        },
        {
            "name": "Porsche",
            "matches": ["porsche"]
        },
        {
            "name": "Chevrolet",
            "matches": ["chevrolet"]
        }
    ],
    "staticIdMapping": {
        "51ffab4fe4b058cd3d654007": "51ffab4fe4b058cd3d654006",
        "523c7338e4b060b8865cf231": "523c72d1e4b060b8865cf1d4",
        "525ad07de4b000fe057d3bd5": "525642efe4b000fe057ac9de",
        "52821b13e4b08cecc59c0a9d": "527bf4b6e4b08cecc597ea7e",
        "5285d0c4e4b08cecc5a26390": "5283a291e4b08cecc5a1bc1f",
        "528b5cace4b08cecc5a67a63": "5283a291e4b08cecc5a1bc1f",
        "528f1a0ee4b0ca505ba92b1e": "5283a291e4b08cecc5a1bc1f",
        "52930afee4b0ca505bac0077": "5283a291e4b08cecc5a1bc1f",
        "52a1db88e4b0593ccdf18c0a": "5283a291e4b08cecc5a1bc1f",
        "52a819d4e4b0593ccdf93701": "5283a291e4b08cecc5a1bc1f",
        "52b05704e4b0593cce15da02": "5283a291e4b08cecc5a1bc1f",
        "52b29f03e4b0f9afbd16f16d": "5283a291e4b08cecc5a1bc1f",
        "52b6d92ce4b0f9afbd365c7e": "52a87f02e4b0593ccdfb8d09",
        "52cbb884e4b0f9afbd8eafc1": "5283a291e4b08cecc5a1bc1f",
        "52e39b76e4b0d8e8c22670ba": "52dd7ba8e4b0d8e8c1faf9a8",
        "52e91383e4b0d8e8c2441b74": "5283a291e4b08cecc5a1bc1f",
        "52ff979ae4b0d8e8c3ab17d0": "5283a291e4b08cecc5a1bc1f",
        "531dcae9e4b0c917fe58728a": "531c3aa6e4b0b84b471e692c",
        "531f358be4b0c917fe596608": "531c3aa6e4b0b84b471e692c",
        "53205d9be4b0c917fe596ceb": "531c3aa6e4b0b84b471e692c",
        "53218b11e4b0c917fe59a7e7": "5283a291e4b08cecc5a1bc1f",
        "5346d1cce4b09d7b34fbf9f5": "53433167e4b09d7b34fa8249",
        "53ab4b9de4b01607fa4ea786": "53aac767e4b01607fa4e6569",
        "53abd01ee4b01607fa4eca9f": "53aac767e4b01607fa4e6569",
        "53b2790be4b0cea48bf68a87": "5283a291e4b08cecc5a1bc1f",
        "53f6ecd7e4b04c314e7b8515": "53f488e1e4b0d054776800fa",
        "53f8672ce4b04c314e7cc01a": "53f488e1e4b0d054776800fa",
        "53f9b2c0e4b04c314e7d4dbd": "53f488e1e4b0d054776800fa",
        "53fb50b3e4b04c314e7f26ef": "53f488e1e4b0d054776800fa",
        "53fb8f92e4b04c314e820949": "53f488e1e4b0d054776800fa",
        "53fcbc57e4b04c314e82a9b6": "53f488e1e4b0d054776800fa",
        "5400a8b5e4b0cae2bd0812cd": "53f488e1e4b0d054776800fa",
        "54046a6ae4b0cae2bd0a140f": "53f488e1e4b0d054776800fa",
        "5411de21e4b015877e67c24a": "53f488e1e4b0d054776800fa",
        "54159de3e4b015877e69c230": "53f488e1e4b0d054776800fa",
        "548b357ee4b08a7098671637": "5489af2ce4b094c103f0377e",
        "548f6ed4e4b08a709884826f": "5489af2ce4b094c103f0377e",
        "54acf851e4b08a7098bc0221": "5489af2ce4b094c103f0377e",
        "54b5758ce4b08a7098d0adaf": "54671450e4b094bfc4da3ced",
        "55391884e4b080c76376ee50": "5538cff9e4b080c76376d3b7",
        "554c4dc7e4b048885ee0b7a2": "5538cff9e4b080c76376d3b7",
        "555a1fdbe4b07f4df75414be": "5538cff9e4b080c76376d3b7",
        "555d945ae4b07f4df754dbf0": "5538cff9e4b080c76376d3b7",
        "559f7f1de4b07207d897b8c5": "559e22c2e4b07207d8977998",
        "559fce17e4b07207d8980514": "559e22c2e4b07207d8977998",
        "55bc9e81e4b0a706114de3d2": "559e22c2e4b07207d8977998",
        "55d46d81e4b05e8195abf145": "559e22c2e4b07207d8977998",
        "55d46df3e4b05e8195abf148": "559e22c2e4b07207d8977998",
        "55d46e2fe4b05e8195ac08ac": "559e22c2e4b07207d8977998",
        "5603f874e4b0a071dd907ec9": "5603f82ae4b0a071dd907ec8"
    }
}
