{
    "groups": [
        {
            "created": "2013-06-25T10:00:30Z",
            "description": "Product Owner Description",
            "modified": "2013-06-28T08:47:16Z",
            "name": "Product Owner",
            "owner": {
                "country": "Germany",
                "created": "2013-06-25T09:56:13Z",
                "dayOfBirth": "1989-01-01",
                "firstName": "Jakob",
                "gender": "m",
                "language": "de-DE",
                "lastName": "M",
                "mail": "jakob@jakob.de",
                "modified": "2013-07-10T08:30:04Z",
                "name": "jakob1"
            }
        },
        {
            "description": "enviroCar Developer Group",
            "name": "enviroCar developer",
            "owner": {
                "name": "dustin"
            }
        },
        {
            "description": "FirstTestGroup_ARE_secondInputField",
            "name": "FirstTestGroup_ARE",
            "owner": {
                "created": "2013-06-28T15:47:04Z",
                "modified": "2013-07-03T16:13:46Z",
                "name": "AlbertRemke"
            }
        },
        {
            "description": "enviroCar Scrum Master Group",
            "name": "scrum master",
            "owner": {
                "name": "dustin"
            }
        },
        {
            "description": "52\u00b0North staff members",
            "name": "52\u00b0North",
            "owner": {
                "name": "daniel"
            }
        },
        {
            "description": "Wer sp\u00e4ter bremst bleibt l\u00e4nger schnell.",
            "name": "Raser-Club M\u00fcnster",
            "owner": {
                "created": "2013-06-25T15:21:17Z",
                "modified": "2013-07-01T17:18:03Z",
                "name": "Turbomartin"
            }
        }
    ]
}