{
    "features": [
        {
            "geometry": {
                "coordinates": [
                    7.61083,
                    51.9414
                ],
                "type": "Point"
            },
            "properties": {
                "id": "51c980c8e4b05956bbffceff",
                "phenomenons": {
                    "CO2": {
                        "unit": "g/s",
                        "value": 0.0
                    },
                    "Consumption": {
                        "unit": "l/s",
                        "value": 0.0
                    },
                    "MAF": {
                        "unit": "l/s",
                        "value": 0.0
                    },
                    "Speed": {
                        "unit": "km/h",
                        "value": 0.0
                    }
                },
                "time": "2013-06-08T11:28:20Z"
            },
            "type": "Feature"
        },
        {
            "geometry": {
                "coordinates": [
                    7.59575,
                    51.973
                ],
                "type": "Point"
            },
            "properties": {
                "id": "51c980c9e4b05956bbffd1fd",
                "phenomenons": {
                    "CO2": {
                        "unit": "g/s",
                        "value": 2.91
                    },
                    "Consumption": {
                        "unit": "l/s",
                        "value": 0.0006227631614894954
                    },
                    "MAF": {
                        "unit": "l/s",
                        "value": 0.00026500560063382785
                    },
                    "Speed": {
                        "unit": "km/h",
                        "value": 34.0
                    }
                },
                "time": "2013-06-08T12:07:06Z"
            },
            "type": "Feature"
        }
    ],
    "properties": {
        "created": "2013-06-25T11:36:41Z",
        "description": "From home to IfGI",
        "id": "51c980c8e4b05956bbffcefd",
        "modified": "2013-06-25T11:36:43Z",
        "name": "Way to work",
        "sensor": {
            "properties": {
                "constructionYear": 2001,
                "fuelType": "gasoline",
                "id": "51c97f0ee4b05956bbffcef8",
                "manufacturer": "BMW",
                "model": "Z4"
            },
            "type": "car"
        },
        "user": {
            "country": "Germany",
            "created": "2013-06-25T09:56:13Z",
            "dayOfBirth": "1989-01-01",
            "firstName": "Jakob",
            "gender": "m",
            "language": "de-DE",
            "lastName": "M",
            "mail": "jakob@jakob.de",
            "modified": "2013-07-10T08:30:04Z",
            "name": "jakob1"
        }
    },
    "type": "FeatureCollection"
}