{
    "properties": {
        "sensor": "51bc53ab5064ba7f336ef920",
        "name": "test track",
        "description": "description of track"
    },
    "features": [
        {
            "type": "Feature",
            "geometry": {
                "type": "Point",
                "coordinates": [
                    12.365,
                    24.068
                ]
            },
            "properties": {
                "time": "2013-05-16T02:13:27Z",
                "sensor": "51bc53ab5064ba7f336ef920",
                "phenomenons": {
                    "testphenomenon3": {
                        "value": 3.457
                    }
                }
            }
        }
    ]
}