{
    "tracks": [
        {
            "id": "51dff239e4b0feb05dbee0d7",
            "modified": "2013-07-12T12:10:33Z",
            "name": "Track 2013-7-12"
        },
        {
            "id": "51dff0a1e4b0feb05dbee00e",
            "modified": "2013-07-12T12:03:45Z",
            "name": "Track 2013-7-12"
        },
        {
            "id": "51dfefa1e4b0feb05dbedfbf",
            "modified": "2013-07-12T11:59:29Z",
            "name": "Track 2013-7-12"
        },
        {
            "id": "51dfeed9e4b0feb05dbedf68",
            "modified": "2013-07-12T11:56:09Z",
            "name": "Track 2013-7-12"
        },
        {
            "id": "51dfee07e4b0feb05dbedf0b",
            "modified": "2013-07-12T11:52:39Z",
            "name": "Track 2013-7-12"
        }
    ]
}
