{
  "openapi": "3.1.1",
  "info": {
    "title": "API Specification",
    "version": "1.0.0"
  },
  "paths": {
    "/api/v0/ops/auth/role/": {
      "post": {
        "operationId": "createRole()",
        "summary": null,
        "description": "Creates a new user role",
        "parameters": [
          {
            "name": "username",
            "in": "query",
            "required": true,
            "schema": {
              "type": "string",
              "description": "The username for the new role",
              "format": null,
              "minLength": 1,
              "maxLength": 255
            }
          },
          {
            "name": "is_superuser",
            "in": "query",
            "required": true,
            "schema": {
              "type": "boolean",
              "description": "Indicates if the role is a superuser",
              "format": null,
              "default": "0"
            }
          },
          {
            "name": "can_login",
            "in": "query",
            "required": true,
            "schema": {
              "type": "boolean",
              "description": "Indicates if the role can log in",
              "format": null,
              "default": "0"
            }
          },
          {
            "name": "password",
            "in": "query",
            "required": true,
            "schema": {
              "type": "string",
              "description": "The password for the new role",
              "format": null,
              "minLength": 1,
              "maxLength": 255
            }
          }
        ],
        "responses": {
          "200": {
            "description": "Role created",
            "content": {}
          },
          "400": {
            "description": "Username and/or password is empty",
            "content": {}
          }
        }
      }
    },
    "/api/v0/probes/liveness": {
      "get": {
        "operationId": "checkLiveness()",
        "summary": null,
        "description": "Indicates whether this service is running",
        "parameters": [],
        "responses": {
          "200": {
            "description": "Service is running",
            "content": {}
          }
        }
      }
    },
    "/api/v0/probes/readiness": {
      "get": {
        "operationId": "checkReadiness()",
        "summary": null,
        "description": "Indicates whether the Cassandra service is ready to service requests",
        "parameters": [],
        "responses": {
          "200": {
            "description": "Service is ready to handle requests",
            "content": {}
          },
          "500": {
            "description": "Service is not ready to handle requests",
            "content": {}
          }
        }
      }
    },
    "/api/v0/probes/cluster": {
      "get": {
        "operationId": "checkClusterConsistency()",
        "summary": null,
        "description": "Indicated whether the Cassandra cluster is able to achieve the specified consistency",
        "parameters": [
          {
            "name": "consistency_level",
            "in": "query",
            "required": true,
            "schema": {
              "type": "string",
              "description": "The consistency level to be checked. Defaults to LOCAL_QUORUM if not provided.",
              "format": null,
              "default": "LOCAL_QUORUM",
              "enum": [
                "['ANY'",
                " 'ONE'",
                " 'TWO'",
                " 'THREE'",
                " 'QUORUM'",
                " 'ALL'",
                " 'LOCAL_ONE'",
                " 'LOCAL_QUORUM'",
                " 'LOCAL_THREE']"
              ]
            }
          },
          {
            "name": "rf_per_dc",
            "in": "query",
            "required": true,
            "schema": {
              "type": "int",
              "description": "Replication factor per data center. Defaults to 3 if not provided.",
              "format": null,
              "minimum": 1.0,
              "default": "3"
            }
          }
        ],
        "responses": {
          "200": {
            "description": "Cassandra is able to achieve the specified consistency",
            "content": {}
          },
          "500": {
            "description": "Cassandra is unable to achieve the specified consistency",
            "content": {}
          }
        }
      }
    },
    "/api/v0/ops/seeds/reload": {
      "post": {
        "operationId": "seedReload()",
        "summary": null,
        "description": "Reload the seed node list from the seed provider",
        "parameters": [],
        "responses": {
          "200": {
            "description": "List of new seeds after reload",
            "content": {}
          }
        }
      }
    },
    "/api/v0/ops/executor/job": {
      "get": {
        "operationId": "getJobStatus()",
        "summary": null,
        "description": "Returns Job details for the supplied Job ID",
        "parameters": [
          {
            "name": "job_id",
            "in": "query",
            "required": true,
            "schema": {
              "type": "string",
              "description": "The ID of the job to retrieve details for",
              "format": "",
              "minLength": 1,
              "maxLength": 256,
              "enum": [
                "[]"
              ]
            }
          }
        ],
        "responses": {
          "200": {
            "description": "Map of job details",
            "content": {}
          },
          "404": {
            "description": "Job not found",
            "content": {}
          }
        }
      }
    },
    "/api/v0/ops/keyspace/cleanup": {
      "post": {
        "operationId": "cleanup(KeyspaceRequest keyspaceRequest)",
        "summary": null,
        "description": "Triggers the immediate cleanup of keys no longer belonging to a node. By default, clean all keyspaces. This operation is blocking and will return the executed job after finishing.",
        "parameters": [
          {
            "name": "jobs",
            "in": "body",
            "required": true,
            "schema": {
              "type": "int",
              "description": "Number of jobs to execute for the cleanup operation",
              "format": null,
              "minimum": 1.0,
              "default": "1"
            }
          },
          {
            "name": "keyspace_name",
            "in": "body",
            "required": true,
            "schema": {
              "type": "string",
              "description": "The name of the keyspace to clean up",
              "format": null,
              "minLength": 1,
              "default": "NON_LOCAL_STRATEGY",
              "enum": [
                "[]"
              ]
            }
          },
          {
            "name": "tables",
            "in": "body",
            "required": true,
            "schema": {
              "type": "List<String>",
              "description": "List of tables to clean up within the keyspace",
              "format": null,
              "minLength": 0,
              "default": "[]",
              "enum": [
                "[]"
              ]
            }
          }
        ],
        "responses": {
          "200": {
            "description": "Job ID for keyspace cleanup process",
            "content": {}
          },
          "400": {
            "description": "Keyspace name or Table name not provided",
            "content": {}
          }
        }
      }
    },
    "/api/v0/ops/keyspace/refresh": {
      "post": {
        "operationId": "refresh(String keyspaceName, String table)",
        "summary": null,
        "description": "Load newly placed SSTables to the system without restart",
        "parameters": [
          {
            "name": "keyspaceName",
            "in": "query",
            "required": true,
            "schema": {
              "type": "string",
              "description": "The name of the keyspace to refresh SSTables.",
              "format": null,
              "minLength": 1,
              "maxLength": 128
            }
          },
          {
            "name": "table",
            "in": "query",
            "required": true,
            "schema": {
              "type": "string",
              "description": "The name of the table to refresh SSTables.",
              "format": null,
              "minLength": 1,
              "maxLength": 128
            }
          }
        ],
        "responses": {
          "200": {
            "description": "SSTables loaded successfully",
            "content": {}
          },
          "400": {
            "description": "Keyspace name or Table name not provided",
            "content": {}
          }
        }
      }
    },
    "/api/v0/ops/keyspace/create": {
      "post": {
        "operationId": "create(CreateOrAlterKeyspaceRequest createOrAlterKeyspaceRequest)",
        "summary": null,
        "description": "Create a new keyspace with the given name and replication settings",
        "parameters": [
          {
            "name": "keyspace_name",
            "in": "body",
            "required": true,
            "schema": {
              "type": "string",
              "description": "The name of the keyspace to be created.",
              "format": null,
              "minLength": 1,
              "maxLength": 255
            }
          },
          {
            "name": "dc_name",
            "in": null,
            "required": true,
            "schema": {
              "type": "string",
              "description": "Data center name for replication.",
              "format": null,
              "minLength": 1,
              "maxLength": 255
            }
          },
          {
            "name": "replication_factor",
            "in": null,
            "required": true,
            "schema": {
              "type": "int",
              "description": "Replication factor for the data center.",
              "format": null,
              "minimum": 1.0,
              "maximum": 10.0
            }
          }
        ],
        "responses": {
          "200": {
            "description": "Keyspace created successfully",
            "content": {}
          },
          "400": {
            "description": "Keyspace creation failed. 'replication_settings' must be provided",
            "content": {}
          }
        }
      }
    },
    "/api/v0/ops/keyspace/alter": {
      "post": {
        "operationId": "alter(CreateOrAlterKeyspaceRequest createOrAlterKeyspaceRequest)",
        "summary": null,
        "description": "Alter the replication settings of an existing keyspace",
        "parameters": [
          {
            "name": "keyspace_name",
            "in": "body",
            "required": true,
            "schema": {
              "type": "string",
              "description": "The name of the keyspace to alter",
              "format": null,
              "minLength": 1,
              "maxLength": 256
            }
          },
          {
            "name": "dc_name",
            "in": null,
            "required": true,
            "schema": {
              "type": "string",
              "description": "Data center name",
              "format": null,
              "minLength": 1,
              "maxLength": 256
            }
          },
          {
            "name": "replication_factor",
            "in": null,
            "required": true,
            "schema": {
              "type": "int",
              "description": "Replication factor for the data center",
              "format": null,
              "minimum": 1.0,
              "maximum": 10.0
            }
          }
        ],
        "responses": {
          "200": {
            "description": "Keyspace Replication Settings altered successfully",
            "content": {}
          },
          "400": {
            "description": "Keyspace name or Replication Settings not provided",
            "content": {}
          }
        }
      }
    },
    "/api/v0/ops/keyspace": {
      "get": {
        "operationId": "list(String keyspaceName)",
        "summary": null,
        "description": "List the keyspaces existing in the cluster",
        "parameters": [
          {
            "name": "keyspaceName",
            "in": "query",
            "required": true,
            "schema": {
              "type": "string",
              "description": "The name of the keyspace to list.",
              "format": null,
              "enum": [
                "[]"
              ]
            }
          }
        ],
        "responses": {
          "200": {
            "description": "List of Keyspaces",
            "content": {}
          },
          "400": {
            "description": "Keyspace name not provided",
            "content": {}
          }
        }
      }
    },
    "/api/v0/ops/keyspace/replication": {
      "get": {
        "operationId": "getReplication(String keyspaceName)",
        "summary": null,
        "description": "Get the replication settings of an existing keyspace",
        "parameters": [
          {
            "name": "keyspaceName",
            "in": "query",
            "required": true,
            "schema": {
              "type": "string",
              "description": "Keyspace name",
              "format": null,
              "enum": [
                "[]"
              ]
            }
          }
        ],
        "responses": {
          "200": {
            "description": "Keyspace Replication Settings",
            "content": {}
          },
          "400": {
            "description": "Keyspace name not provided",
            "content": {}
          },
          "404": {
            "description": "Keyspace name not found",
            "content": {}
          }
        }
      }
    },
    "/api/v0/lifecycle/start": {
      "post": {
        "operationId": "startNode()",
        "summary": null,
        "description": "Starts Cassandra/DSE",
        "parameters": [
          {
            "name": "profile",
            "in": "query",
            "required": true,
            "schema": {
              "type": "string",
              "description": "The profile to use for starting Cassandra",
              "format": null,
              "minLength": 0,
              "maxLength": 255
            }
          },
          {
            "name": "replace_ip",
            "in": "query",
            "required": true,
            "schema": {
              "type": "string",
              "description": "IP address to replace during the first boot",
              "format": "xxx.xxx.xxx.xxx",
              "minLength": 7,
              "maxLength": 15
            }
          }
        ],
        "responses": {
          "201": {
            "description": "Cassandra started successfully",
            "content": {}
          },
          "202": {
            "description": "Cassandra already running and can connect",
            "content": {}
          },
          "204": {
            "description": "Cassandra already running but can't connect",
            "content": {}
          },
          "206": {
            "description": "Cassandra process not found but can connect",
            "content": {}
          },
          "420": {
            "description": "Cassandra could not start successfully",
            "content": {}
          },
          "500": {
            "description": "Error trying to start Cassandra",
            "content": {}
          }
        }
      }
    },
    "/api/v0/lifecycle/stop": {
      "post": {
        "operationId": "stopNode()",
        "summary": null,
        "description": "Stops Cassandra/DSE. Keeps node from restarting automatically until /start is called",
        "parameters": [],
        "responses": {
          "200": {
            "description": "Cassandra stopped successfully",
            "content": {}
          },
          "500": {
            "description": "Cassandra not stopped successfully",
            "content": {}
          }
        }
      }
    },
    "/api/v0/lifecycle/configure": {
      "post": {
        "operationId": "configureNodeJson()",
        "summary": null,
        "description": "Configure Cassandra. Will fail if Cassandra is already started",
        "parameters": [
          {
            "name": "profile",
            "in": "query",
            "required": true,
            "schema": {
              "type": "string",
              "description": "The profile query parameter is required, try /api/v0/lifecycle/configure?profile=<profile>",
              "format": null,
              "enum": [
                "[]"
              ]
            }
          },
          {
            "name": "config",
            "in": "body",
            "required": true,
            "schema": {
              "type": "string",
              "description": "Configuration in JSON format",
              "format": null,
              "enum": [
                "[]"
              ]
            }
          },
          {
            "name": "profile",
            "in": "query",
            "required": true,
            "schema": {
              "type": "string",
              "description": "The profile query parameter is required, try /api/v0/lifecycle/configure?profile=<profile>",
              "format": null,
              "enum": [
                "[]"
              ]
            }
          },
          {
            "name": "yaml",
            "in": "body",
            "required": true,
            "schema": {
              "type": "string",
              "description": "YAML configuration for Cassandra/DSE.",
              "format": null,
              "enum": [
                "[]"
              ]
            }
          },
          {
            "name": "profile",
            "in": "query",
            "required": true,
            "schema": {
              "type": "string",
              "description": "The profile query parameter is required, try /api/v0/lifecycle/configure?profile=<profile>",
              "format": null,
              "enum": [
                "[]"
              ]
            }
          },
          {
            "name": "config",
            "in": "body",
            "required": true,
            "schema": {
              "type": "string",
              "description": "Configuration in JSON format",
              "format": null,
              "enum": [
                "[]"
              ]
            }
          },
          {
            "name": "profile",
            "in": "query",
            "required": true,
            "schema": {
              "type": "string",
              "description": "The profile query parameter is required, try /api/v0/lifecycle/configure?profile=<profile>",
              "format": null,
              "enum": [
                "[]"
              ]
            }
          },
          {
            "name": "yaml",
            "in": "body",
            "required": true,
            "schema": {
              "type": "string",
              "description": "YAML configuration for Cassandra/DSE.",
              "format": null,
              "enum": [
                "[]"
              ]
            }
          }
        ],
        "responses": {
          "200": {
            "description": "OK",
            "content": {}
          },
          "406": {
            "description": "Invalid JSON: <error message>",
            "content": {}
          },
          "400": {
            "description": "Both max_heap_size and heap_new_size must be defined",
            "content": {}
          },
          "500": {
            "description": "Internal server error",
            "content": {}
          }
        }
      }
    },
    "/api/v0/lifecycle/pid": {
      "get": {
        "operationId": "getPID()",
        "summary": null,
        "description": "The PID of Cassandra/DSE, if it's running",
        "parameters": [],
        "responses": {
          "200": {
            "description": "Cassandra Process ID",
            "content": {}
          },
          "204": {
            "description": "No Cassandra Process running",
            "content": {}
          },
          "500": {
            "description": "Error finding Cassandra Process",
            "content": {}
          }
        }
      }
    },
    "/api/v0/metadata/versions/release": {
      "get": {
        "operationId": "getReleaseVersion()",
        "summary": null,
        "description": "Returns the Cassandra release version",
        "parameters": [],
        "responses": {
          "200": {
            "description": "Cassandra version",
            "content": {}
          }
        }
      }
    },
    "/api/v0/metadata/endpoints": {
      "get": {
        "operationId": "getEndpointStates()",
        "summary": null,
        "description": "Returns this nodes view of the endpoint states of nodes",
        "parameters": [],
        "responses": {
          "200": {
            "description": "Endpoint states'",
            "content": {}
          }
        }
      }
    },
    "/api/v0/metadata/localdc": {
      "get": {
        "operationId": "getLocalDataCenter()",
        "summary": null,
        "description": "Returns the DataCenter the local node belongs to",
        "parameters": [],
        "responses": {
          "200": {
            "description": "Local datacenter'",
            "content": {}
          }
        }
      }
    },
    "/api/v0/metadata/versions/features": {
      "get": {
        "operationId": "getFeatureSet()",
        "summary": null,
        "description": "Returns the management-api featureSet",
        "parameters": [],
        "responses": {
          "200": {
            "description": "Local datacenter'",
            "content": {}
          }
        }
      }
    },
    "/api/v0/ops/node/decommission": {
      "post": {
        "operationId": "decommission()",
        "summary": null,
        "description": "Decommission the *node I am connecting to*",
        "parameters": [
          {
            "name": "force",
            "in": "query",
            "required": true,
            "schema": {
              "type": "boolean",
              "description": "Indicates whether to force the decommissioning of the node.",
              "format": null
            }
          }
        ],
        "responses": {
          "200": {
            "description": "Cassandra node decommissioned successfully",
            "content": {}
          },
          "400": {
            "description": "Cassandra node decommission request missing address",
            "content": {}
          }
        }
      }
    },
    "/api/v0/ops/node/compaction": {
      "post": {
        "operationId": "setCompactionThroughput()",
        "summary": null,
        "description": "Set the MB/s throughput cap for compaction in the system, or 0 to disable throttling",
        "parameters": [
          {
            "name": "value",
            "in": "query",
            "required": true,
            "schema": {
              "type": "int",
              "description": "Set the MB/s throughput cap for compaction in the system, or 0 to disable throttling",
              "format": null,
              "minimum": 0.0,
              "maximum": -1,
              "default": "0"
            }
          }
        ],
        "responses": {
          "200": {
            "description": "Cassandra compaction throughput set successfully",
            "content": {}
          }
        }
      }
    },
    "/api/v0/ops/node/assassinate": {
      "post": {
        "operationId": "assassinate()",
        "summary": null,
        "description": "Forcefully remove a dead node without re-replicating any data. Use as a last resort if you cannot removenode",
        "parameters": [
          {
            "name": "address",
            "in": "query",
            "required": true,
            "schema": {
              "type": "string",
              "description": "Address must be provided",
              "format": null,
              "enum": [
                "[]"
              ]
            }
          }
        ],
        "responses": {
          "200": {
            "description": "Cassandra node assasinated successfully",
            "content": {}
          },
          "400": {
            "description": "Cassandra node assasination request missing address",
            "content": {}
          }
        }
      }
    },
    "/api/v0/ops/node/logging": {
      "post": {
        "operationId": "setLoggingLevel()",
        "summary": null,
        "description": "Set the log level threshold for a given component or class. Will reset to the initial configuration if called with no parameters.",
        "parameters": [
          {
            "name": "target",
            "in": "query",
            "required": true,
            "schema": {
              "type": "string",
              "description": "The target component or class for which the logging level is to be set.",
              "format": "",
              "minLength": 0,
              "maxLength": 255,
              "enum": [
                "[]"
              ]
            }
          },
          {
            "name": "rawLevel",
            "in": "query",
            "required": true,
            "schema": {
              "type": "string",
              "description": "The logging level to set (e.g., INFO, DEBUG, ERROR).",
              "format": "",
              "minLength": 0,
              "maxLength": 10,
              "enum": [
                "['TRACE'",
                " 'DEBUG'",
                " 'INFO'",
                " 'WARN'",
                " 'ERROR'",
                " 'FATAL'",
                " 'OFF']"
              ]
            }
          }
        ],
        "responses": {
          "200": {
            "description": "Cassandra logging level set successfully",
            "content": {}
          },
          "500": {
            "description": "Error when executing request",
            "content": {}
          }
        }
      }
    },
    "/api/v0/ops/node/drain": {
      "post": {
        "operationId": "drain()",
        "summary": null,
        "description": "Drain the node (stop accepting writes and flush all tables)",
        "parameters": [],
        "responses": {
          "200": {
            "description": "Cassandra node drained successfully",
            "content": {}
          },
          "500": {
            "description": "Internal connection to Cassandra closed",
            "content": {}
          }
        }
      }
    },
    "/api/v0/ops/node/hints/truncate": {
      "post": {
        "operationId": "truncateHints()",
        "summary": null,
        "description": "Truncate all hints on the local node, or truncate hints for the endpoint(s) specified.",
        "parameters": [
          {
            "name": "host",
            "in": "query",
            "required": true,
            "schema": {
              "type": "string",
              "description": "The host for which to truncate hints. If not provided, all hints on the local node will be truncated.",
              "format": null,
              "enum": [
                "[]"
              ]
            }
          }
        ],
        "responses": {
          "200": {
            "description": "Cassandra node hints truncated successfully",
            "content": {}
          },
          "400": {
            "description": "Cassandra node hints truncation request missing host",
            "content": {}
          }
        }
      }
    },
    "/api/v0/ops/node/schema/reset": {
      "post": {
        "operationId": "resetLocalSchema()",
        "summary": null,
        "description": "Reset node's local schema and resync",
        "parameters": [],
        "responses": {
          "200": {
            "description": "Cassandra node schema resynced successfully",
            "content": {}
          }
        }
      }
    },
    "/api/v0/ops/node/schema/reload": {
      "post": {
        "operationId": "reloadLocalSchema()",
        "summary": null,
        "description": "Reload local node schema from system tables",
        "parameters": [],
        "responses": {
          "200": {
            "description": "Cassandra node schema reloaded successfully",
            "content": {}
          }
        }
      }
    },
    "/api/v0/ops/node/streaminfo": {
      "get": {
        "operationId": "getStreamInfo()",
        "summary": null,
        "description": "Retrieve Streaming status information",
        "parameters": [],
        "responses": {
          "200": {
            "description": "Cassandra streaming status info",
            "content": {}
          }
        }
      }
    },
    "/api/v0/ops/node/snapshots": {
      "get": {
        "operationId": "getSnapshotDetails()",
        "summary": null,
        "description": "Retrieve snapshot details",
        "parameters": [
          {
            "name": "snapshotNames",
            "in": "query",
            "required": true,
            "schema": {
              "type": "List<String>",
              "description": "List of snapshot names to filter the details",
              "format": null
            }
          },
          {
            "name": "keyspaces",
            "in": "query",
            "required": true,
            "schema": {
              "type": "List<String>",
              "description": "List of keyspaces to filter the snapshot details",
              "format": null
            }
          }
        ],
        "responses": {
          "200": {
            "description": "Cassandra snapshot details",
            "content": {}
          },
          "400": {
            "description": "Invalid snapshot request",
            "content": {}
          }
        }
      },
      "post": {
        "operationId": "takeSnapshot()",
        "summary": null,
        "description": "Take a snapshot",
        "parameters": [
          {
            "name": "snapshot_name",
            "in": "body",
            "required": true,
            "schema": {
              "type": "string",
              "description": "The name of the snapshot to be created.",
              "format": null,
              "default": "Current timestamp as string if not provided.",
              "enum": [
                "[]"
              ]
            }
          },
          {
            "name": "keyspaces",
            "in": "body",
            "required": true,
            "schema": {
              "type": "List<string>",
              "description": "List of keyspaces to take a snapshot of.",
              "format": null,
              "enum": [
                "[]"
              ]
            }
          },
          {
            "name": "table_name",
            "in": "body",
            "required": true,
            "schema": {
              "type": "string",
              "description": "The name of the specific table to take a snapshot of.",
              "format": null,
              "enum": [
                "[]"
              ]
            }
          },
          {
            "name": "skip_flush",
            "in": "body",
            "required": true,
            "schema": {
              "type": "boolean",
              "description": "Whether to skip flushing the table before taking the snapshot.",
              "format": null,
              "default": "0"
            }
          },
          {
            "name": "keyspace_tables",
            "in": "body",
            "required": true,
            "schema": {
              "type": "List<string>",
              "description": "List of keyspace tables to take a snapshot of.",
              "format": null,
              "enum": [
                "[]"
              ]
            }
          }
        ],
        "responses": {
          "200": {
            "description": "Snapshot created successfully",
            "content": {}
          },
          "400": {
            "description": "Invalid snapshot request",
            "content": {}
          }
        }
      },
      "delete": {
        "operationId": "clearSnapshots()",
        "summary": null,
        "description": "Clear snapshots",
        "parameters": [
          {
            "name": "snapshotNames",
            "in": "query",
            "required": true,
            "schema": {
              "type": "string",
              "description": "List of snapshot names to clear",
              "format": null,
              "enum": [
                "[]"
              ]
            }
          },
          {
            "name": "keyspaces",
            "in": "query",
            "required": true,
            "schema": {
              "type": "string",
              "description": "List of keyspaces associated with the snapshots",
              "format": null,
              "enum": [
                "[]"
              ]
            }
          }
        ],
        "responses": {
          "200": {
            "description": "Snapshots cleared successfully",
            "content": {}
          },
          "400": {
            "description": "Invalid snapshot request",
            "content": {}
          }
        }
      }
    },
    "/api/v0/ops/node/repair": {
      "post": {
        "operationId": "repair()",
        "summary": null,
        "description": "Execute a nodetool repair operation",
        "parameters": [
          {
            "name": "keyspace_name",
            "in": "body",
            "required": true,
            "schema": {
              "type": "string",
              "description": "The name of the keyspace to repair.",
              "format": null,
              "minLength": 1,
              "maxLength": 255
            }
          },
          {
            "name": "tables",
            "in": "body",
            "required": true,
            "schema": {
              "type": "List<string>",
              "description": "List of tables to repair. If not provided, all tables in the keyspace will be repaired.",
              "format": null
            }
          },
          {
            "name": "full",
            "in": "body",
            "required": true,
            "schema": {
              "type": "boolean",
              "description": "Indicates whether to perform a full repair.",
              "format": null,
              "default": "0"
            }
          }
        ],
        "responses": {
          "200": {
            "description": "Nodetool repair executed successfully",
            "content": {}
          },
          "400": {
            "description": "Repair request missing Keyspace name",
            "content": {}
          }
        }
      }
    },
    "/api/v0/ops/node/fullquerylogging": {
      "post": {
        "operationId": "setFullQuerylog()",
        "summary": null,
        "description": "Enable or disable full query logging facility.",
        "parameters": [
          {
            "name": "enabled",
            "in": "query",
            "required": true,
            "schema": {
              "type": "boolean",
              "description": "Enable or disable full query logging facility.",
              "format": null,
              "default": "0"
            }
          }
        ],
        "responses": {
          "200": {
            "description": "Full Query Logging set successfully",
            "content": {}
          },
          "500": {
            "description": "Error when executing request",
            "content": {}
          }
        }
      },
      "get": {
        "operationId": "isFullQueryLogEnabled()",
        "summary": null,
        "description": "Get whether full query logging is enabled.",
        "parameters": [],
        "responses": {
          "200": {
            "description": "Full Query enabled",
            "content": {}
          },
          "500": {
            "description": "Error when executing request",
            "content": {}
          }
        }
      }
    },
    "/api/v0/ops/node/move": {
      "post": {
        "operationId": "move()",
        "summary": null,
        "description": "Move node on the token ring to a new token. This operation returns immediately with a job id.",
        "parameters": [
          {
            "name": "newToken",
            "in": "query",
            "required": true,
            "schema": {
              "type": "string",
              "description": "The new token to move the node to",
              "format": null,
              "enum": [
                "[]"
              ]
            }
          }
        ],
        "responses": {
          "202": {
            "description": "Job ID for successfully scheduled Cassandra node move request",
            "content": {}
          },
          "400": {
            "description": "Missing required newToken parameter",
            "content": {}
          }
        }
      }
    },
    "/api/v0/ops/tables/scrub": {
      "post": {
        "operationId": "scrub()",
        "summary": null,
        "description": "Scrub (rebuild sstables for) one or more tables",
        "parameters": [
          {
            "name": "disable_snapshot",
            "in": "body",
            "required": true,
            "schema": {
              "type": "boolean",
              "description": "Disable snapshot during scrub",
              "format": null,
              "default": "0"
            }
          },
          {
            "name": "skip_corrupted",
            "in": "body",
            "required": true,
            "schema": {
              "type": "boolean",
              "description": "Skip corrupted sstables",
              "format": null,
              "default": "0"
            }
          },
          {
            "name": "check_data",
            "in": "body",
            "required": true,
            "schema": {
              "type": "boolean",
              "description": "Check data during scrub",
              "format": null,
              "default": "0"
            }
          },
          {
            "name": "reinsert_overflowed_ttl",
            "in": "body",
            "required": true,
            "schema": {
              "type": "boolean",
              "description": "Reinsert overflowed TTL",
              "format": null,
              "default": "0"
            }
          },
          {
            "name": "jobs",
            "in": "body",
            "required": true,
            "schema": {
              "type": "int",
              "description": "Number of jobs to run",
              "format": null,
              "minimum": 1.0,
              "maximum": 10.0,
              "default": "1"
            }
          },
          {
            "name": "keyspace_name",
            "in": "body",
            "required": true,
            "schema": {
              "type": "string",
              "description": "Name of the keyspace",
              "format": null,
              "minLength": 1,
              "maxLength": 128
            }
          },
          {
            "name": "tables",
            "in": "body",
            "required": true,
            "schema": {
              "type": "List<string>",
              "description": "List of table names",
              "format": null,
              "minLength": 1,
              "maxLength": 128
            }
          }
        ],
        "responses": {
          "200": {
            "description": "Table scrub successful",
            "content": {}
          },
          "400": {
            "description": "Must provide a file if setting userDefined to true",
            "content": {}
          }
        }
      }
    },
    "/api/v0/ops/tables/sstables/upgrade": {
      "post": {
        "operationId": "upgradeSSTables()",
        "summary": null,
        "description": "Rewrite sstables (for the requested tables) that are not on the current version (thus upgrading them to said current version)",
        "parameters": [
          {
            "name": "excludeCurrentVersion",
            "in": "query",
            "required": true,
            "schema": {
              "type": "boolean",
              "description": "Indicates whether to exclude the current version from the upgrade process",
              "format": null,
              "default": "0"
            }
          },
          {
            "name": "jobs",
            "in": "body",
            "required": true,
            "schema": {
              "type": "int",
              "description": "Number of jobs to execute for the upgrade",
              "format": null,
              "minimum": 1.0,
              "maximum": 100.0,
              "default": "1"
            }
          },
          {
            "name": "keyspace_name",
            "in": "body",
            "required": true,
            "schema": {
              "type": "string",
              "description": "The name of the keyspace to upgrade",
              "format": null,
              "minLength": 1,
              "maxLength": 128
            }
          },
          {
            "name": "tables",
            "in": "body",
            "required": true,
            "schema": {
              "type": "List<string>",
              "description": "List of table names to upgrade",
              "format": null,
              "minLength": 1,
              "maxLength": 128
            }
          }
        ],
        "responses": {
          "200": {
            "description": "SSTable upgrade successful",
            "content": {}
          },
          "400": {
            "description": "Invalid table upgrade request",
            "content": {}
          }
        }
      }
    },
    "/api/v0/ops/tables/compact": {
      "post": {
        "operationId": "compact()",
        "summary": null,
        "description": "Force a (major) compaction on one or more tables or user-defined compaction on given SSTables",
        "parameters": [
          {
            "name": "split_output",
            "in": "body",
            "required": true,
            "schema": {
              "type": "boolean",
              "description": "Indicates whether to split the output during compaction",
              "format": null,
              "default": "0"
            }
          },
          {
            "name": "user_defined",
            "in": "body",
            "required": true,
            "schema": {
              "type": "boolean",
              "description": "Indicates whether the compaction is user-defined",
              "format": null,
              "default": "0"
            }
          },
          {
            "name": "start_token",
            "in": "body",
            "required": true,
            "schema": {
              "type": "string",
              "description": "The starting token for the compaction",
              "format": null,
              "minLength": 0,
              "maxLength": 256
            }
          },
          {
            "name": "end_token",
            "in": "body",
            "required": true,
            "schema": {
              "type": "string",
              "description": "The ending token for the compaction",
              "format": null,
              "minLength": 0,
              "maxLength": 256
            }
          },
          {
            "name": "keyspace_name",
            "in": "body",
            "required": true,
            "schema": {
              "type": "string",
              "description": "The name of the keyspace to compact",
              "format": null,
              "minLength": 1,
              "maxLength": 256
            }
          },
          {
            "name": "user_defined_files",
            "in": "body",
            "required": true,
            "schema": {
              "type": "list<string>",
              "description": "List of user-defined files for compaction",
              "format": null
            }
          },
          {
            "name": "tables",
            "in": "body",
            "required": true,
            "schema": {
              "type": "list<string>",
              "description": "List of tables to compact",
              "format": null
            }
          }
        ],
        "responses": {
          "200": {
            "description": "Table compaction successful",
            "content": {}
          },
          "400": {
            "description": "Must provide a file if setting userDefined to true",
            "content": {}
          }
        }
      }
    },
    "/api/v0/ops/tables/garbagecollect": {
      "post": {
        "operationId": "garbageCollect()",
        "summary": null,
        "description": "Remove deleted data from one or more tables",
        "parameters": [
          {
            "name": "tombstoneOption",
            "in": "query",
            "required": true,
            "schema": {
              "type": "string",
              "description": "Specifies the type of tombstone option for garbage collection.",
              "format": null,
              "default": "ROW",
              "enum": [
                "['ROW'",
                " 'CELL']"
              ]
            }
          },
          {
            "name": "jobs",
            "in": "body",
            "required": true,
            "schema": {
              "type": "int",
              "description": "Number of jobs to run for garbage collection.",
              "format": null,
              "minimum": 1.0,
              "default": "1"
            }
          },
          {
            "name": "keyspace_name",
            "in": "body",
            "required": true,
            "schema": {
              "type": "string",
              "description": "The name of the keyspace.",
              "format": null
            }
          },
          {
            "name": "tables",
            "in": "body",
            "required": true,
            "schema": {
              "type": "list<string>",
              "description": "List of tables to perform garbage collection on.",
              "format": null
            }
          }
        ],
        "responses": {
          "200": {
            "description": "Table garbage collection successful",
            "content": {}
          },
          "400": {
            "description": "Invalid table garbage collection request",
            "content": {}
          }
        }
      }
    },
    "/api/v0/ops/tables/flush": {
      "post": {
        "operationId": "flush()",
        "summary": null,
        "description": "Flush one or more tables",
        "parameters": [
          {
            "name": "keyspace_name",
            "in": "body",
            "required": true,
            "schema": {
              "type": "string",
              "description": "The name of the keyspace to flush the tables from.",
              "format": null,
              "enum": [
                "[]"
              ]
            }
          },
          {
            "name": "tables",
            "in": "body",
            "required": true,
            "schema": {
              "type": "List<string>",
              "description": "The list of tables to flush.",
              "format": null,
              "enum": [
                "[]"
              ]
            }
          }
        ],
        "responses": {
          "200": {
            "description": "Table flush successful",
            "content": {}
          }
        }
      }
    },
    "/api/v0/ops/tables": {
      "get": {
        "operationId": "list()",
        "summary": null,
        "description": "List the table names in the given keyspace",
        "parameters": [
          {
            "name": "keyspaceName",
            "in": "query",
            "required": true,
            "schema": {
              "type": "string",
              "description": "The name of the keyspace for which to list the tables.",
              "format": "",
              "minLength": 1,
              "maxLength": 255,
              "enum": [
                "[]"
              ]
            }
          }
        ],
        "responses": {
          "200": {
            "description": "Table list",
            "content": {}
          },
          "400": {
            "description": "Keyspace name not provided",
            "content": {}
          }
        }
      }
    },
    "/api/v0/ops/tables/create": {
      "post": {
        "operationId": "create()",
        "summary": null,
        "description": "Create a new table in an existing keyspace",
        "parameters": [
          {
            "name": "keyspace_name",
            "in": null,
            "required": true,
            "schema": {
              "type": "string",
              "description": "The name of the keyspace where the table will be created",
              "format": null,
              "minLength": 1,
              "maxLength": 128
            }
          },
          {
            "name": "table_name",
            "in": null,
            "required": true,
            "schema": {
              "type": "string",
              "description": "The name of the table to be created",
              "format": null,
              "minLength": 1,
              "maxLength": 128
            }
          },
          {
            "name": "columns",
            "in": null,
            "required": true,
            "schema": {
              "type": "List<Column>",
              "description": "List of columns for the new table",
              "format": null
            }
          },
          {
            "name": "options",
            "in": null,
            "required": true,
            "schema": {
              "type": "Map<String, Object>",
              "description": "Additional options for table creation",
              "format": null
            }
          }
        ],
        "responses": {
          "200": {
            "description": "Table creation successful",
            "content": {}
          },
          "400": {
            "description": "Table creation failed",
            "content": {}
          }
        }
      }
    },
    "/api/v1/ops/keyspace/cleanup": {
      "post": {
        "operationId": "cleanup",
        "summary": null,
        "description": "Triggers the immediate cleanup of keys no longer belonging to a node. By default, clean all keyspaces. This operation is asynchronous and returns immediately",
        "parameters": [
          {
            "name": "jobs",
            "in": "body",
            "required": true,
            "schema": {
              "type": "int",
              "description": "Number of jobs to run for cleanup",
              "format": null,
              "minimum": 1.0,
              "default": "1"
            }
          },
          {
            "name": "keyspace_name",
            "in": "body",
            "required": true,
            "schema": {
              "type": "string",
              "description": "Name of the keyspace to clean up",
              "format": null,
              "minLength": 1,
              "default": "NON_LOCAL_STRATEGY",
              "enum": [
                "[]"
              ]
            }
          },
          {
            "name": "tables",
            "in": "body",
            "required": true,
            "schema": {
              "type": "List<string>",
              "description": "List of tables to clean up",
              "format": null,
              "default": "[]",
              "enum": [
                "[]"
              ]
            }
          }
        ],
        "responses": {
          "200": {
            "description": "Cleanup not needed for tables 'system' or 'system_schema'",
            "content": {}
          },
          "202": {
            "description": "Job ID for keyspace cleanup process",
            "content": {}
          }
        }
      }
    },
    "/api/v1/ops/node/decommission": {
      "post": {
        "operationId": "decommission()",
        "summary": null,
        "description": "Decommission the *node I am connecting to*. This invocation returns immediately and returns a job id.",
        "parameters": [
          {
            "name": "force",
            "in": "query",
            "required": true,
            "schema": {
              "type": "boolean",
              "description": "Indicates whether to forcefully decommission the node.",
              "format": null
            }
          }
        ],
        "responses": {
          "202": {
            "description": "Job ID for successfully scheduled Cassandra node decommission request",
            "content": {}
          }
        }
      }
    },
    "/api/v1/ops/node/rebuild": {
      "post": {
        "operationId": "rebuild()",
        "summary": null,
        "description": "Rebuild data by streaming data from other nodes. This operation returns immediately with a job id.",
        "parameters": [
          {
            "name": "src_dc",
            "in": "query",
            "required": true,
            "schema": {
              "type": "string",
              "description": "Source datacenter from which data will be streamed for rebuilding.",
              "format": null,
              "minLength": 1,
              "maxLength": 255
            }
          }
        ],
        "responses": {
          "202": {
            "description": "Job ID for successfully scheduled Cassandra node rebuild request",
            "content": {}
          }
        }
      }
    },
    "/api/v1/ops/node/schema/versions": {
      "get": {
        "operationId": "schemaVersions()",
        "summary": null,
        "description": "Get schema versions.",
        "parameters": [],
        "responses": {
          "200": {
            "description": "Gets the schema versions for each node. Useful for checking schema agreement",
            "content": {}
          }
        }
      }
    },
    "/api/v1/ops/tables/scrub": {
      "post": {
        "operationId": "scrub()",
        "summary": null,
        "description": "Scrub (rebuild sstables for) one or more tables. This operation is asynchronous and returns immediately.",
        "parameters": [
          {
            "name": "disable_snapshot",
            "in": "body",
            "required": true,
            "schema": {
              "type": "boolean",
              "description": "Whether to disable snapshot during scrub operation",
              "format": null,
              "default": "0"
            }
          },
          {
            "name": "skip_corrupted",
            "in": "body",
            "required": true,
            "schema": {
              "type": "boolean",
              "description": "Whether to skip corrupted sstables",
              "format": null,
              "default": "0"
            }
          },
          {
            "name": "check_data",
            "in": "body",
            "required": true,
            "schema": {
              "type": "boolean",
              "description": "Whether to check data during scrub operation",
              "format": null,
              "default": "0"
            }
          },
          {
            "name": "reinsert_overflowed_ttl",
            "in": "body",
            "required": true,
            "schema": {
              "type": "boolean",
              "description": "Whether to reinsert overflowed TTLs",
              "format": null,
              "default": "0"
            }
          },
          {
            "name": "jobs",
            "in": "body",
            "required": true,
            "schema": {
              "type": "int",
              "description": "Number of jobs to run for the scrub operation",
              "format": null,
              "minimum": 1.0,
              "maximum": 100.0,
              "default": "1"
            }
          },
          {
            "name": "keyspace_name",
            "in": "body",
            "required": true,
            "schema": {
              "type": "string",
              "description": "The name of the keyspace to scrub",
              "format": null,
              "minLength": 1,
              "maxLength": 128,
              "default": "ALL"
            }
          },
          {
            "name": "tables",
            "in": "body",
            "required": true,
            "schema": {
              "type": "List<string>",
              "description": "List of table names to scrub",
              "format": null,
              "minLength": 1,
              "maxLength": 128
            }
          }
        ],
        "responses": {
          "202": {
            "description": "Job ID for table scrub process",
            "content": {}
          },
          "400": {
            "description": "Must provide a file if setting userDefined to true",
            "content": {}
          }
        }
      }
    },
    "/api/v1/ops/tables/sstables/upgrade": {
      "post": {
        "operationId": "upgradeSSTables()",
        "summary": null,
        "description": "Rewrite sstables (for the requested tables) that are not on the current version (thus upgrading them to said current version). This operation is asynchronous and returns immediately.",
        "parameters": [
          {
            "name": "excludeCurrentVersion",
            "in": "query",
            "required": true,
            "schema": {
              "type": "boolean",
              "description": "Indicates whether to exclude the current version from the upgrade process",
              "format": null,
              "default": "0"
            }
          },
          {
            "name": "keyspace_name",
            "in": null,
            "required": true,
            "schema": {
              "type": "string",
              "description": "The name of the keyspace",
              "format": null,
              "minLength": 1,
              "maxLength": 128
            }
          },
          {
            "name": "tables",
            "in": null,
            "required": true,
            "schema": {
              "type": "List<string>",
              "description": "List of table names to upgrade",
              "format": null,
              "minLength": 1,
              "maxLength": 128
            }
          },
          {
            "name": "jobs",
            "in": null,
            "required": true,
            "schema": {
              "type": "int",
              "description": "Number of jobs to run in parallel for the upgrade",
              "format": null,
              "minimum": 1.0,
              "maximum": 10.0,
              "default": "1"
            }
          }
        ],
        "responses": {
          "202": {
            "description": "Job ID for keyspace SSTable upgrade process",
            "content": {}
          },
          "400": {
            "description": "Invalid request parameters",
            "content": {}
          }
        }
      }
    },
    "/api/v1/ops/tables/compact": {
      "post": {
        "operationId": "compact()",
        "summary": null,
        "description": "Force a (major) compaction on one or more tables or user-defined compaction on given SSTables.",
        "parameters": [
          {
            "name": "tombstoneOption",
            "in": "query",
            "required": true,
            "schema": {
              "type": "string",
              "description": "Specifies the option for tombstone garbage collection",
              "format": null,
              "default": "ROW",
              "enum": [
                "['ROW'",
                " 'CELL']"
              ]
            }
          },
          {
            "name": "jobs",
            "in": "body",
            "required": true,
            "schema": {
              "type": "int",
              "description": "Number of jobs to run for compaction",
              "format": null,
              "minimum": 1.0,
              "default": "1"
            }
          },
          {
            "name": "keyspaceName",
            "in": "body",
            "required": true,
            "schema": {
              "type": "string",
              "description": "Name of the keyspace",
              "format": null
            }
          },
          {
            "name": "tables",
            "in": "body",
            "required": true,
            "schema": {
              "type": "List<string>",
              "description": "List of table names to compact",
              "format": null
            }
          }
        ],
        "responses": {
          "200": {
            "description": "Table compaction successful",
            "content": {}
          },
          "400": {
            "description": "Invalid table compaction request",
            "content": {}
          }
        }
      }
    },
    "/test": {
      "get": {
        "operationId": "get()",
        "summary": null,
        "description": "Returns a simple greeting message 'hello world'.",
        "parameters": [],
        "responses": {
          "200": {
            "description": "Successful response with data",
            "content": {}
          }
        }
      }
    }
  }
}