{
  "openapi": "3.1.1",
  "info": {
    "title": "API Specification",
    "version": "1.0.0"
  },
  "paths": {
    "/contributors": {
      "get": {
        "operationId": "contributorsGet()",
        "summary": null,
        "description": "The Contributors endpoint returns all information like name, url, commits count, projects count of all the Contributors for the selected filter.",
        "parameters": [
          {
            "name": "organizations",
            "in": "query",
            "required": true,
            "schema": {
              "type": "string",
              "description": "List of github.com organizations to scan(comma separated)",
              "format": null
            }
          },
          {
            "name": "limit",
            "in": "query",
            "required": true,
            "schema": {
              "type": "int",
              "description": "Number of items to retrieve. Default is 5.",
              "format": null,
              "minimum": 1.0,
              "default": "5"
            }
          },
          {
            "name": "offset",
            "in": "query",
            "required": true,
            "schema": {
              "type": "int",
              "description": "Offset the list of returned results by this amount. Default is zero.",
              "format": null,
              "minimum": 0.0,
              "default": "0"
            }
          },
          {
            "name": "startDate",
            "in": "query",
            "required": true,
            "schema": {
              "type": "string",
              "description": "Date from which to start fetching records from database(default = current_date)",
              "format": "yyyy-MM-dd'T'HH:mm:ss"
            }
          },
          {
            "name": "endDate",
            "in": "query",
            "required": true,
            "schema": {
              "type": "string",
              "description": "Date till which records will be fetched from database(default = current_date)",
              "format": "yyyy-MM-dd'T'HH:mm:ss"
            }
          },
          {
            "name": "sortBy",
            "in": "query",
            "required": true,
            "schema": {
              "type": "string",
              "description": "parameter by which result should be sorted. '-' means descending order (default is count of commit)",
              "format": null,
              "default": "organizationalCommitsCount",
              "enum": [
                "['organizationalCommitsCount'",
                " 'organizationalProjectsCount'",
                " 'personalCommitsCount'",
                " 'personalProjectsCount'",
                " 'organizationName'",
                " 'name']"
              ]
            }
          },
          {
            "name": "q",
            "in": "query",
            "required": true,
            "schema": {
              "type": "string",
              "description": "query parameter for search query (this will be contributor names prefix)",
              "format": null
            }
          }
        ],
        "responses": {
          "200": {
            "description": "An array of Contributors of selected Github organization",
            "content": {}
          },
          "0": {
            "description": "Unexpected error",
            "content": {}
          }
        }
      }
    },
    "/languages": {
      "get": {
        "operationId": "languagesGet()",
        "summary": null,
        "description": "The languages endpoint returns information about the languages used for projects by selected Github Organizations order by the number of projects using the programming language.",
        "parameters": [
          {
            "name": "organizations",
            "in": "query",
            "required": true,
            "schema": {
              "type": "string",
              "description": "List of github.com organizations to scan(comma separated)",
              "format": null,
              "enum": [
                "[]"
              ]
            }
          },
          {
            "name": "limit",
            "in": "query",
            "required": true,
            "schema": {
              "type": "int",
              "description": "Number of items to retrieve. Default is 5.",
              "format": null,
              "minimum": 0.0,
              "default": "5"
            }
          },
          {
            "name": "offset",
            "in": "query",
            "required": true,
            "schema": {
              "type": "int",
              "description": "Offset the list of returned results by this amount. Default is zero.",
              "format": null,
              "minimum": 0.0,
              "default": "0"
            }
          },
          {
            "name": "q",
            "in": "query",
            "required": true,
            "schema": {
              "type": "string",
              "description": "query parameter for search query (this can be language name prefix)",
              "format": null,
              "enum": [
                "[]"
              ]
            }
          }
        ],
        "responses": {
          "200": {
            "description": "An array of programming language used and count of projects using it.",
            "content": {}
          },
          "0": {
            "description": "Unexpected error",
            "content": {}
          }
        }
      }
    },
    "/projects": {
      "get": {
        "operationId": "projectsGet()",
        "summary": null,
        "description": "The Projects endpoint returns all information like name, description, url, stars count, commits count, forks count, contributors count, score, languages used, last pushed of all the projects for the selected filter.",
        "parameters": [
          {
            "name": "organizations",
            "in": "query",
            "required": true,
            "schema": {
              "type": "string",
              "description": "List of github.com organizations to scan(comma separated)",
              "format": null,
              "enum": [
                "[]"
              ]
            }
          },
          {
            "name": "limit",
            "in": "query",
            "required": true,
            "schema": {
              "type": "int",
              "description": "Number of items to retrieve. Default is 5.",
              "format": null,
              "minimum": 1.0,
              "default": "5"
            }
          },
          {
            "name": "offset",
            "in": "query",
            "required": true,
            "schema": {
              "type": "int",
              "description": "Offset the list of returned results by this amount. Default is zero.",
              "format": null,
              "minimum": 0.0,
              "default": "0"
            }
          },
          {
            "name": "startDate",
            "in": "query",
            "required": true,
            "schema": {
              "type": "string",
              "description": "Date from which to start fetching records from database(default = current_date)",
              "format": "yyyy-MM-dd'T'HH:mm:ss",
              "enum": [
                "[]"
              ]
            }
          },
          {
            "name": "endDate",
            "in": "query",
            "required": true,
            "schema": {
              "type": "string",
              "description": "Date till which records will be fetched from database(default = current_date)",
              "format": "yyyy-MM-dd'T'HH:mm:ss",
              "enum": [
                "[]"
              ]
            }
          },
          {
            "name": "sortBy",
            "in": "query",
            "required": true,
            "schema": {
              "type": "string",
              "description": "parameter by which result should be sorted. '-' means descending order (count of star,count of commit, count of forks, count of contributors, score). Default is descending order of score.",
              "format": null,
              "enum": [
                "[]"
              ]
            }
          },
          {
            "name": "q",
            "in": "query",
            "required": true,
            "schema": {
              "type": "string",
              "description": "query parameter for search query (this will be project names prefix)",
              "format": null,
              "enum": [
                "[]"
              ]
            }
          },
          {
            "name": "language",
            "in": "query",
            "required": true,
            "schema": {
              "type": "string",
              "description": "query parameter for filtering by primary programming language",
              "format": null,
              "enum": [
                "[]"
              ]
            }
          }
        ],
        "responses": {
          "200": {
            "description": "An array of Projects of selected Github organization",
            "content": {}
          },
          "0": {
            "description": "Unexpected error",
            "content": {}
          }
        }
      }
    },
    "/statistics": {
      "get": {
        "operationId": "statisticsGet()",
        "summary": null,
        "description": "The Statistics endpoint returns snapshot of statistics over a given period of time of the organization Github account. Statistics contains information of the count of all private projects, public projects, members, teams, contributors, stars, forks, size, programming languages, tags of the list of Github.com Organizations.",
        "parameters": [
          {
            "name": "organizations",
            "in": "query",
            "required": true,
            "schema": {
              "type": "string",
              "description": "List of github.com organizations to scan(comma separated)",
              "format": null,
              "default": "getOrganizationConfig()",
              "enum": [
                "[]"
              ]
            }
          },
          {
            "name": "startDate",
            "in": "query",
            "required": true,
            "schema": {
              "type": "string",
              "description": "Date from which to start fetching statistics records from database(default = current date)",
              "format": "yyyy-MM-dd'T'HH:mm:ss",
              "enum": [
                "[]"
              ]
            }
          },
          {
            "name": "endDate",
            "in": "query",
            "required": true,
            "schema": {
              "type": "string",
              "description": "Date till which statistics records will be fetched from database(default = current date)",
              "format": "yyyy-MM-dd'T'HH:mm:ss",
              "enum": [
                "[]"
              ]
            }
          }
        ],
        "responses": {
          "200": {
            "description": "An array of Statistics over selected period of time.",
            "content": {}
          },
          "400": {
            "description": "Bad Request due to illegal argument.",
            "content": {}
          }
        }
      }
    },
    "/statistics/projects": {
      "get": {
        "operationId": "statisticsProjectGet()",
        "summary": null,
        "description": "Fetches project statistics for a list of GitHub organizations over a specified date range.",
        "parameters": [
          {
            "name": "organizations",
            "in": "query",
            "required": true,
            "schema": {
              "type": "string",
              "description": "List of github.com organizations to scan (comma separated)",
              "format": null,
              "default": "getOrganizationConfig()",
              "enum": [
                "[]"
              ]
            }
          },
          {
            "name": "startDate",
            "in": "query",
            "required": true,
            "schema": {
              "type": "string",
              "description": "Date from which to start fetching statistics records from database (default = current date)",
              "format": "yyyy-MM-dd'T'HH:mm:ss",
              "enum": [
                "[]"
              ]
            }
          },
          {
            "name": "endDate",
            "in": "query",
            "required": true,
            "schema": {
              "type": "string",
              "description": "Date till which statistics records will be fetched from database (default = current date)",
              "format": "yyyy-MM-dd'T'HH:mm:ss",
              "enum": [
                "[]"
              ]
            }
          }
        ],
        "responses": {
          "200": {
            "description": "An array of ProjectStats containing statistics of projects over the selected period of time.",
            "content": {}
          },
          "400": {
            "description": "Bad Request - if the request parameters are invalid.",
            "content": {}
          }
        }
      }
    },
    "/statistics/contributors": {
      "get": {
        "operationId": "statisticsContributorGet()",
        "summary": null,
        "description": "Fetches contributor statistics for a list of GitHub organizations over a specified date range.",
        "parameters": [
          {
            "name": "organizations",
            "in": "query",
            "required": true,
            "schema": {
              "type": "string",
              "description": "List of github.com organizations to scan (comma separated)",
              "format": null,
              "enum": [
                "[]"
              ]
            }
          },
          {
            "name": "startDate",
            "in": "query",
            "required": true,
            "schema": {
              "type": "string",
              "description": "Date from which to start fetching statistics records from database (default = current date)",
              "format": "yyyy-MM-dd'T'HH:mm:ss",
              "enum": [
                "[]"
              ]
            }
          },
          {
            "name": "endDate",
            "in": "query",
            "required": true,
            "schema": {
              "type": "string",
              "description": "Date till which statistics records will be fetched from database (default = current date)",
              "format": "yyyy-MM-dd'T'HH:mm:ss",
              "enum": [
                "[]"
              ]
            }
          }
        ],
        "responses": {
          "200": {
            "description": "An array of ContributorStats containing statistics of contributors over the selected period of time.",
            "content": {}
          },
          "400": {
            "description": "Bad Request - if the date format is invalid or if the contributor loginId could not be determined.",
            "content": {}
          }
        }
      }
    },
    "/statistics/languages": {
      "get": {
        "operationId": "statisticsLanguagesGet()",
        "summary": null,
        "description": "Fetches language statistics for a list of GitHub organizations over a specified date range.",
        "parameters": [
          {
            "name": "organizations",
            "in": "query",
            "required": true,
            "schema": {
              "type": "string",
              "description": "List of github.com organizations to scan(comma separated)",
              "format": null,
              "default": "getOrganizationConfig()",
              "enum": [
                "[]"
              ]
            }
          },
          {
            "name": "startDate",
            "in": "query",
            "required": true,
            "schema": {
              "type": "string",
              "description": "Date from which to start fetching statistics records from database(default = current date)",
              "format": "yyyy-MM-dd'T'HH:mm:ss",
              "enum": [
                "[]"
              ]
            }
          },
          {
            "name": "endDate",
            "in": "query",
            "required": true,
            "schema": {
              "type": "string",
              "description": "Date till which statistics records will be fetched from database(default = current date)",
              "format": "yyyy-MM-dd'T'HH:mm:ss",
              "enum": [
                "[]"
              ]
            }
          }
        ],
        "responses": {
          "200": {
            "description": "A collection of language statistics for the specified GitHub organizations.",
            "content": {}
          },
          "400": {
            "description": "Bad Request - Invalid date format or other request parameter issues.",
            "content": {}
          }
        }
      }
    },
    "/config/scoring.project": {
      "post": {
        "operationId": "configScoringProjects()",
        "summary": null,
        "description": "This endpoint is deactivated.",
        "parameters": [
          {
            "name": "scoringProject",
            "in": "body",
            "required": true,
            "schema": {
              "type": "string",
              "description": "The scoring project configuration as a JSON string.",
              "format": null,
              "enum": [
                "[]"
              ]
            }
          },
          {
            "name": "X-Organizations",
            "in": "header",
            "required": true,
            "schema": {
              "type": "string",
              "description": "Comma-separated list of organization identifiers.",
              "format": null,
              "enum": [
                "[]"
              ]
            }
          }
        ],
        "responses": {
          "403": {
            "description": "This endpoint is deactivated.",
            "content": {}
          }
        }
      }
    },
    "/init": {
      "get": {
        "operationId": "init()",
        "summary": null,
        "description": "This endpoint is deactivated.",
        "parameters": [],
        "responses": {
          "403": {
            "description": "This endpoint is deactivated.",
            "content": {}
          }
        }
      }
    },
    "/delete": {
      "get": {
        "operationId": "deleteAll()",
        "summary": null,
        "description": "This endpoint is deactivated.",
        "parameters": [],
        "responses": {
          "403": {
            "description": "This endpoint is deactivated.",
            "content": {}
          }
        }
      }
    },
    "/import": {
      "post": {
        "operationId": "importJson()",
        "summary": null,
        "description": "This endpoint is deactivated.",
        "parameters": [
          {
            "name": "contributors",
            "in": null,
            "required": true,
            "schema": {
              "type": "List<Contributor>",
              "description": "List of contributors to be imported.",
              "format": null
            }
          },
          {
            "name": "projects",
            "in": null,
            "required": true,
            "schema": {
              "type": "List<Project>",
              "description": "List of projects to be imported.",
              "format": null
            }
          },
          {
            "name": "statistics",
            "in": null,
            "required": true,
            "schema": {
              "type": "List<Statistics>",
              "description": "List of statistics to be imported.",
              "format": null
            }
          }
        ],
        "responses": {}
      }
    },
    "/export": {
      "get": {
        "operationId": "exportJson()",
        "summary": null,
        "description": "Exports the database information including contributors, projects, and statistics.",
        "parameters": [],
        "responses": {
          "200": {
            "description": "Successful export of data.",
            "content": {}
          },
          "403": {
            "description": "Forbidden - This endpoint is deactivated.",
            "content": {}
          }
        }
      }
    },
    "/config": {
      "get": {
        "operationId": "config()",
        "summary": null,
        "description": "Returns a map of configuration properties loaded from application-public.properties and the environment.",
        "parameters": [],
        "responses": {
          "200": {
            "description": "Returns a map of configuration properties.",
            "content": {}
          },
          "500": {
            "description": "Internal server error if an exception occurs while loading properties.",
            "content": {}
          }
        }
      }
    },
    "/fetch": {
      "get": {
        "operationId": "fetch()",
        "summary": null,
        "description": "Fetches data using the RetryableFetcher and returns 'OK' on success.",
        "parameters": [],
        "responses": {
          "200": {
            "description": "Successful fetch operation.",
            "content": {}
          },
          "500": {
            "description": "Internal server error due to an exception during data fetching.",
            "content": {}
          }
        }
      }
    }
  }
}