{
  "openapi": "3.1.1",
  "info": {
    "title": "API Specification",
    "version": "1.0.0"
  },
  "paths": {
    "/auth/realms/cwa/protocol/openid-connect/certs": {
      "get": {
        "operationId": "certs()",
        "summary": null,
        "description": "Retrieves the certificate information from the IamService.",
        "parameters": [],
        "responses": {
          "200": {
            "description": "Successful retrieval of certificate information.",
            "content": {}
          },
          "500": {
            "description": "Internal Server Error.",
            "content": {}
          }
        }
      }
    },
    "/api/v1/app/result": {
      "post": {
        "operationId": "result()",
        "summary": null,
        "description": "The test result endpoint for submitting a hashed Guid.",
        "parameters": [
          {
            "name": "id",
            "in": "body",
            "required": true,
            "schema": {
              "type": "string",
              "description": "The hashed GUID string.",
              "format": null,
              "minLength": 1,
              "maxLength": 256
            }
          }
        ],
        "responses": {
          "200": {
            "description": "Successful retrieval of test result.",
            "content": {}
          },
          "400": {
            "description": "Bad Request - Invalid input data.",
            "content": {}
          },
          "404": {
            "description": "Not Found - The specified hashed GUID does not exist.",
            "content": {}
          },
          "500": {
            "description": "Internal Server Error - An unexpected error occurred.",
            "content": {}
          }
        }
      }
    },
    "/version/v1/tan": {
      "post": {
        "operationId": "generateTan()",
        "summary": null,
        "description": "Generates a TAN on input of Registration Token. With the TAN one can submit his Diagnosis keys",
        "parameters": [
          {
            "name": "registrationToken",
            "in": "body",
            "required": true,
            "schema": {
              "type": "string",
              "description": "The registration token used to generate a TAN.",
              "format": null,
              "minLength": 36,
              "maxLength": 36
            }
          },
          {
            "name": "fake",
            "in": "header",
            "required": true,
            "schema": {
              "type": "string",
              "description": "Indicates whether to simulate a fake request.",
              "format": null,
              "minLength": 1,
              "maxLength": 1,
              "enum": [
                "['1'",
                " '0']"
              ]
            }
          }
        ],
        "responses": {
          "201": {
            "description": "Registration Token is valid",
            "content": {}
          },
          "400": {
            "description": "Unknown source of trust inside the appsession for the registration token",
            "content": {}
          }
        }
      }
    },
    "/version/v1/testresult": {
      "post": {
        "operationId": "getTestState()",
        "summary": null,
        "description": "Gets the result of COVID-19 Test. If the RegistrationToken belongs to a TeleTan the result is always positive",
        "parameters": [
          {
            "name": "registrationToken",
            "in": "body",
            "required": true,
            "schema": {
              "type": "string",
              "description": "The registration token for retrieving the test result.",
              "format": "",
              "minLength": 36,
              "maxLength": 36,
              "enum": [
                "[]"
              ]
            }
          },
          {
            "name": "cwa-fake",
            "in": "header",
            "required": true,
            "schema": {
              "type": "string",
              "description": "A flag to indicate if the request is a fake request.",
              "format": "",
              "minLength": 1,
              "maxLength": 1,
              "default": "1",
              "enum": [
                "[]"
              ]
            }
          },
          {
            "name": "registrationToken",
            "in": "body",
            "required": true,
            "schema": {
              "type": "string",
              "description": "The registration token used to retrieve the COVID-19 test result.",
              "format": "",
              "minLength": 36,
              "maxLength": 36,
              "enum": [
                "[]"
              ]
            }
          },
          {
            "name": "registrationToken",
            "in": "body",
            "required": true,
            "schema": {
              "type": "string",
              "description": "The registration token for retrieving the test result.",
              "format": "",
              "minLength": 36,
              "maxLength": 36,
              "enum": [
                "[]"
              ]
            }
          },
          {
            "name": "cwa-fake",
            "in": "header",
            "required": true,
            "schema": {
              "type": "string",
              "description": "A flag to indicate if the request is a fake request.",
              "format": "",
              "minLength": 1,
              "maxLength": 1,
              "default": "1",
              "enum": [
                "[]"
              ]
            }
          },
          {
            "name": "registrationToken",
            "in": "body",
            "required": true,
            "schema": {
              "type": "string",
              "description": "The registration token used to retrieve the COVID-19 test result.",
              "format": "",
              "minLength": 36,
              "maxLength": 36,
              "enum": [
                "[]"
              ]
            }
          }
        ],
        "responses": {
          "200": {
            "description": "Testresult retrieved",
            "content": {}
          },
          "403": {
            "description": "RegistrationToken is issued for TeleTan",
            "content": {}
          },
          "400": {
            "description": "Unknown source of trust inside the appsession for the registration token",
            "content": {}
          },
          "404": {
            "description": "RegistrationToken not found",
            "content": {}
          }
        }
      }
    },
    "/version/v1/registrationToken": {
      "post": {
        "operationId": "generateRegistrationToken()",
        "summary": null,
        "description": "Get a registration token by providing a SHA-256 hashed GUID or a teleTAN",
        "parameters": [
          {
            "name": "key",
            "in": "body",
            "required": true,
            "schema": {
              "type": "string",
              "description": "The key used for generating the registration token, which can be a SHA-256 hashed GUID or a teleTAN.",
              "format": null,
              "enum": [
                "[]"
              ]
            }
          },
          {
            "name": "keyDob",
            "in": "body",
            "required": true,
            "schema": {
              "type": "string",
              "description": "The date of birth associated with the key, if applicable. It must follow the pattern of a SHA-256 hashed string.",
              "format": null,
              "minLength": 64,
              "maxLength": 64,
              "enum": [
                "[]"
              ]
            }
          },
          {
            "name": "keyType",
            "in": "body",
            "required": true,
            "schema": {
              "type": "enum",
              "description": "The type of the key, which can either be GUID or TELETAN.",
              "format": null,
              "enum": [
                "['GUID'",
                " 'TELETAN']"
              ]
            }
          }
        ],
        "responses": {
          "201": {
            "description": "registration token generated.",
            "content": {}
          },
          "400": {
            "description": "GUID/TeleTAN already exists.",
            "content": {}
          }
        }
      }
    },
    "/version/v1/tan/verify": {
      "post": {
        "operationId": "verifyTan()",
        "summary": null,
        "description": "The provided Tan is verified to be formerly issued by the verification server",
        "parameters": [
          {
            "name": "tan",
            "in": "body",
            "required": true,
            "schema": {
              "type": "string",
              "description": "The transaction number model.",
              "format": null,
              "minLength": 36,
              "maxLength": 36
            }
          }
        ],
        "responses": {
          "200": {
            "description": "Tan is valid and formerly issued by the verification server",
            "content": {}
          },
          "404": {
            "description": "Tan could not be verified",
            "content": {}
          }
        }
      }
    },
    "/version/v1/tan/teletan": {
      "post": {
        "operationId": "createTeleTan()",
        "summary": null,
        "description": "A teleTAN is a human readable TAN with 7 characters which is supposed to be issued via call line",
        "parameters": [
          {
            "name": "Authorization",
            "in": "header",
            "required": true,
            "schema": {
              "type": "string",
              "description": "The bearer JWT token for authorization",
              "format": null
            }
          },
          {
            "name": "X-CWA-TELETAN-TYPE",
            "in": "header",
            "required": true,
            "schema": {
              "type": "TeleTanType",
              "description": "Type of the TeleTan (TEST or EVENT)",
              "format": null,
              "default": "TEST",
              "enum": [
                "['TEST'",
                " 'EVENT']"
              ]
            }
          }
        ],
        "responses": {
          "201": {
            "description": "TeleTan created",
            "content": {}
          },
          "401": {
            "description": "JWT is invalid.",
            "content": {}
          },
          "429": {
            "description": "Rate Limit exceed. Try again later.",
            "content": {}
          }
        }
      }
    }
  }
}