{
  "openapi": "3.1.1",
  "info": {
    "title": "API Specification",
    "version": "1.0.0"
  },
  "paths": {
    "/api/swagger.{type:json|yaml}": {
      "get": {
        "operationId": "SwaggerApiListingResource",
        "summary": null,
        "description": "Swagger API listing resource for the Digdag server API.",
        "parameters": [],
        "responses": {
          "200": {
            "description": "Successful response containing Swagger API documentation in the specified format (JSON or YAML).",
            "content": {}
          },
          "404": {
            "description": "Not Found - The requested resource could not be found.",
            "content": {}
          }
        }
      }
    },
    "/api/admin/attempts/{id}/userinfo": {
      "get": {
        "operationId": "getUserInfo()",
        "summary": null,
        "description": "This endpoint retrieves user information for a specific session attempt identified by its ID.",
        "parameters": [
          {
            "name": "id",
            "in": "path",
            "required": true,
            "schema": {
              "type": "int",
              "description": "The ID of the session attempt for which user info is being requested.",
              "format": null,
              "minimum": 1.0,
              "maximum": 9.223372036854776e+18,
              "default": "0"
            }
          }
        ],
        "responses": {
          "200": {
            "description": "Returns user information associated with the session attempt.",
            "content": {}
          },
          "404": {
            "description": "Thrown when the session attempt does not have an associated workflow definition.",
            "content": {}
          }
        }
      }
    },
    "/api/attempts": {
      "get": {
        "operationId": "getAttempts()",
        "summary": null,
        "description": "List attempts with filters",
        "parameters": [
          {
            "name": "project",
            "in": "query",
            "required": true,
            "schema": {
              "type": "string",
              "description": "exact matching filter on project name",
              "format": null,
              "enum": [
                "[]"
              ]
            }
          },
          {
            "name": "workflow",
            "in": "query",
            "required": true,
            "schema": {
              "type": "string",
              "description": "exact matching filter on workflow name",
              "format": null,
              "enum": [
                "[]"
              ]
            }
          },
          {
            "name": "include_retried",
            "in": "query",
            "required": true,
            "schema": {
              "type": "boolean",
              "description": "list more than 1 attempts per session",
              "format": null
            }
          },
          {
            "name": "last_id",
            "in": "query",
            "required": true,
            "schema": {
              "type": "int",
              "description": "list attempts whose id is greater than this id for pagination",
              "format": null
            }
          },
          {
            "name": "page_size",
            "in": "query",
            "required": true,
            "schema": {
              "type": "int",
              "description": "number of attempts to return",
              "format": null,
              "minimum": 1.0,
              "maximum": -1,
              "default": "100"
            }
          }
        ],
        "responses": {
          "200": {
            "description": "Successfully lists attempts with filters.",
            "content": {}
          },
          "404": {
            "description": "Resource not found.",
            "content": {}
          },
          "403": {
            "description": "Access denied.",
            "content": {}
          }
        }
      },
      "put": {
        "operationId": "startAttempt()",
        "summary": null,
        "description": "Start a workflow execution as a new session or a new attempt of an existing session",
        "parameters": [
          {
            "name": "workflowId",
            "in": "body",
            "required": true,
            "schema": {
              "type": "string",
              "description": "The ID of the workflow to execute.",
              "format": null,
              "enum": [
                "[]"
              ]
            }
          },
          {
            "name": "params",
            "in": "body",
            "required": true,
            "schema": {
              "type": "object",
              "description": "Parameters to pass to the workflow execution.",
              "format": null
            }
          },
          {
            "name": "sessionTime",
            "in": "body",
            "required": true,
            "schema": {
              "type": "string",
              "description": "The time to start the session.",
              "format": "yyyy-MM-dd'T'HH:mm:ss.SSS'Z'",
              "enum": [
                "[]"
              ]
            }
          },
          {
            "name": "retryAttemptName",
            "in": "body",
            "required": true,
            "schema": {
              "type": "string",
              "description": "The name of the retry attempt.",
              "format": null,
              "enum": [
                "[]"
              ]
            }
          },
          {
            "name": "resume",
            "in": "body",
            "required": true,
            "schema": {
              "type": "object",
              "description": "Information for resuming an attempt.",
              "format": null
            }
          }
        ],
        "responses": {
          "200": {
            "description": "Successful creation of a new session or a new attempt of an existing session.",
            "content": {}
          },
          "409": {
            "description": "Conflict due to a session attempt conflict.",
            "content": {}
          },
          "400": {
            "description": "Task limit exceeded.",
            "content": {}
          },
          "404": {
            "description": "Resource not found.",
            "content": {}
          },
          "403": {
            "description": "Access denied.",
            "content": {}
          }
        }
      }
    },
    "/api/attempts/{id}": {
      "get": {
        "operationId": "getAttempt()",
        "summary": null,
        "description": "Get an attempt",
        "parameters": [
          {
            "name": "id",
            "in": "path",
            "required": true,
            "schema": {
              "type": "long",
              "description": "attempt id",
              "format": null,
              "minimum": 1.0,
              "maximum": 9.223372036854776e+18,
              "default": "0"
            }
          }
        ],
        "responses": {
          "200": {
            "description": "Successful retrieval of an attempt.",
            "content": {}
          },
          "404": {
            "description": "ResourceNotFoundException: The attempt with the specified ID was not found.",
            "content": {}
          },
          "403": {
            "description": "AccessControlException: The user does not have permission to access the attempt.",
            "content": {}
          }
        }
      }
    },
    "/api/attempts/{id}/retries": {
      "get": {
        "operationId": "getAttemptRetries()",
        "summary": null,
        "description": "List attempts of a session of a given attempt",
        "parameters": [],
        "responses": {
          "200": {
            "description": "Successful retrieval of attempts of a session related to the given attempt ID.",
            "content": {}
          },
          "404": {
            "description": "ResourceNotFoundException: The specified attempt ID does not exist.",
            "content": {}
          },
          "403": {
            "description": "AccessControlException: The user does not have permission to access the attempts from the session.",
            "content": {}
          }
        }
      }
    },
    "/api/attempts/{id}/tasks": {
      "get": {
        "operationId": "getTasks()",
        "summary": null,
        "description": "List tasks of an attempt",
        "parameters": [
          {
            "name": "id",
            "in": "path",
            "required": true,
            "schema": {
              "type": "long",
              "description": "attempt id",
              "format": null,
              "minimum": 1.0
            }
          }
        ],
        "responses": {
          "200": {
            "description": "Successful retrieval of tasks for the specified attempt.",
            "content": {}
          },
          "404": {
            "description": "ResourceNotFoundException: The specified attempt does not exist.",
            "content": {}
          },
          "403": {
            "description": "AccessControlException: The user does not have permission to access the tasks of the specified attempt.",
            "content": {}
          }
        }
      }
    },
    "/api/attempts/{id}/kill": {
      "post": {
        "operationId": "killAttempt()",
        "summary": null,
        "description": "Set a cancel-requested flag on a running attempt",
        "parameters": [
          {
            "name": "id",
            "in": "path",
            "required": true,
            "schema": {
              "type": "long",
              "description": "attempt id",
              "format": null,
              "minimum": 1.0
            }
          }
        ],
        "responses": {
          "200": {
            "description": "Successful response with the details of the killed attempt.",
            "content": {}
          },
          "404": {
            "description": "ResourceNotFoundException: The attempt with the specified ID was not found.",
            "content": {}
          },
          "409": {
            "description": "ResourceConflictException: The session attempt was already killed or finished.",
            "content": {}
          },
          "403": {
            "description": "AccessControlException: The user does not have permission to kill the attempt.",
            "content": {}
          }
        }
      }
    },
    "/api/logs/{attempt_id}/files": {
      "get": {
        "operationId": "getFileHandles()",
        "summary": null,
        "description": "List log files of an attempt with filters",
        "parameters": [
          {
            "name": "attempt_id",
            "in": "path",
            "required": true,
            "schema": {
              "type": "int",
              "description": "attempt id",
              "format": null,
              "minimum": 1.0,
              "maximum": 9.223372036854776e+18,
              "default": "0"
            }
          },
          {
            "name": "task",
            "in": "query",
            "required": true,
            "schema": {
              "type": "string",
              "description": "partial prefix match filter on task name",
              "format": null,
              "minLength": 0,
              "maxLength": 255
            }
          },
          {
            "name": "direct_download",
            "in": "query",
            "required": true,
            "schema": {
              "type": "boolean",
              "description": "enable returning direct download handle",
              "format": null,
              "default": "1"
            }
          }
        ],
        "responses": {
          "200": {
            "description": "Returns a collection of log file handles for the specified attempt.",
            "content": {}
          },
          "404": {
            "description": "ResourceNotFoundException: The specified attempt ID does not exist.",
            "content": {}
          },
          "403": {
            "description": "AccessControlException: The user does not have permission to access the log files.",
            "content": {}
          }
        }
      }
    },
    "/api/logs/{attempt_id}/files/{file_name}": {
      "get": {
        "operationId": "getFile()",
        "summary": null,
        "description": "Download a log file",
        "parameters": [
          {
            "name": "attempt_id",
            "in": "path",
            "required": true,
            "schema": {
              "type": "long",
              "description": "attempt id",
              "format": null,
              "minimum": 1.0,
              "maximum": 9.223372036854776e+18,
              "default": "0"
            }
          },
          {
            "name": "file_name",
            "in": "path",
            "required": true,
            "schema": {
              "type": "string",
              "description": "log file name",
              "format": null,
              "minLength": 1,
              "maxLength": 256
            }
          }
        ],
        "responses": {
          "200": {
            "description": "Successful download of the log file.",
            "content": {}
          },
          "404": {
            "description": "StorageFileNotFoundException: The specified storage file was not found.",
            "content": {}
          },
          "403": {
            "description": "AccessControlException: Access denied to the requested log file.",
            "content": {}
          },
          "500": {
            "description": "IOException: An error occurred while trying to read the log file.",
            "content": {}
          }
        }
      }
    },
    "/api/project": {
      "get": {
        "operationId": "getProject()",
        "summary": null,
        "description": "(deprecated)",
        "parameters": [
          {
            "name": "name",
            "in": "query",
            "required": true,
            "schema": {
              "type": "string",
              "description": "exact matching filter on project name",
              "format": null,
              "enum": [
                "[]"
              ]
            }
          }
        ],
        "responses": {
          "200": {
            "description": "Successful retrieval of the project.",
            "content": {}
          },
          "404": {
            "description": "Project not found.",
            "content": {}
          },
          "403": {
            "description": "Access denied.",
            "content": {}
          }
        }
      }
    },
    "/api/projects": {
      "get": {
        "operationId": "getProjects()",
        "summary": null,
        "description": "List projects with filters",
        "parameters": [
          {
            "name": "name",
            "in": "query",
            "required": true,
            "schema": {
              "type": "string",
              "description": "exact matching filter on project name",
              "format": null,
              "enum": [
                "[]"
              ]
            }
          },
          {
            "name": "last_id",
            "in": "query",
            "required": true,
            "schema": {
              "type": "int",
              "description": "list projects whose id is greater than this id for pagination",
              "format": null
            }
          },
          {
            "name": "count",
            "in": "query",
            "required": true,
            "schema": {
              "type": "int",
              "description": "number of projects to return",
              "format": null,
              "minimum": 1.0,
              "maximum": 100.0,
              "default": "100"
            }
          },
          {
            "name": "name_pattern",
            "in": "query",
            "required": true,
            "schema": {
              "type": "string",
              "description": "name pattern to be partially matched",
              "format": null,
              "enum": [
                "[]"
              ]
            }
          }
        ],
        "responses": {
          "200": {
            "description": "List of projects with filters",
            "content": {}
          },
          "403": {
            "description": "AccessControlException - Access denied for listing projects.",
            "content": {}
          },
          "404": {
            "description": "ResourceNotFoundException - No projects found.",
            "content": {}
          }
        }
      },
      "put": {
        "operationId": "putProject()",
        "summary": null,
        "description": "Upload a project archive as a new project or a new revision of an existing project",
        "parameters": [
          {
            "name": "project",
            "in": "query",
            "required": true,
            "schema": {
              "type": "string",
              "description": "project name",
              "format": null,
              "enum": [
                "[]"
              ]
            }
          },
          {
            "name": "revision",
            "in": "query",
            "required": true,
            "schema": {
              "type": "string",
              "description": "revision",
              "format": null,
              "enum": [
                "[]"
              ]
            }
          },
          {
            "name": "schedule_from",
            "in": "query",
            "required": true,
            "schema": {
              "type": "string",
              "description": "start scheduling of new workflows from the given time instead of current time",
              "format": "yyyy-MM-dd'T'HH:mm:ss'Z'",
              "enum": [
                "[]"
              ]
            }
          },
          {
            "name": "body",
            "in": "body",
            "required": true,
            "schema": {
              "type": "InputStream",
              "description": "the content of the project archive",
              "format": null,
              "enum": [
                "[]"
              ]
            }
          },
          {
            "name": "Content-Length",
            "in": "header",
            "required": true,
            "schema": {
              "type": "long",
              "description": "length of the content being uploaded",
              "format": null,
              "minimum": 0.0
            }
          }
        ],
        "responses": {
          "200": {
            "description": "Successfully uploaded a project archive as a new project or a new revision of an existing project.",
            "content": {}
          },
          "400": {
            "description": "Invalid request parameters, such as missing project name or revision.",
            "content": {}
          },
          "409": {
            "description": "Conflict due to resource already existing or other conflict scenarios.",
            "content": {}
          },
          "404": {
            "description": "Resource not found, such as project not found.",
            "content": {}
          },
          "500": {
            "description": "Internal server error, such as failure to upload archive to a remote storage.",
            "content": {}
          }
        }
      }
    },
    "/api/projects/{id}": {
      "get": {
        "operationId": "getProject()",
        "summary": null,
        "description": "Get a project",
        "parameters": [
          {
            "name": "id",
            "in": "path",
            "required": true,
            "schema": {
              "type": "int",
              "description": "project id",
              "format": null,
              "minimum": 1.0,
              "maximum": 2147483647.0,
              "default": "0"
            }
          }
        ],
        "responses": {
          "200": {
            "description": "Successful retrieval of the project.",
            "content": {}
          },
          "404": {
            "description": "Project not found.",
            "content": {}
          },
          "403": {
            "description": "Access denied.",
            "content": {}
          }
        }
      },
      "delete": {
        "operationId": "deleteProject()",
        "summary": null,
        "description": "Delete a project",
        "parameters": [
          {
            "name": "id",
            "in": "path",
            "required": true,
            "schema": {
              "type": "int",
              "description": "project id",
              "format": null,
              "minimum": 1.0,
              "maximum": 2147483647.0,
              "default": "0"
            }
          }
        ],
        "responses": {
          "200": {
            "description": "Successfully deleted the project.",
            "content": {}
          },
          "404": {
            "description": "ResourceNotFoundException: Project not found.",
            "content": {}
          },
          "403": {
            "description": "AccessControlException: User does not have permission to delete the project.",
            "content": {}
          }
        }
      }
    },
    "/api/projects/{id}/revisions": {
      "get": {
        "operationId": "getRevisions()",
        "summary": null,
        "description": "List revisions of a project",
        "parameters": [
          {
            "name": "projId",
            "in": "path",
            "required": true,
            "schema": {
              "type": "int",
              "description": "project id",
              "format": null,
              "minimum": 1.0,
              "maximum": 2147483647.0,
              "default": "0"
            }
          },
          {
            "name": "last_id",
            "in": "query",
            "required": true,
            "schema": {
              "type": "int",
              "description": "deprecated - do not use",
              "format": null,
              "minimum": 1.0,
              "maximum": 2147483647.0
            }
          },
          {
            "name": "revName",
            "in": "query",
            "required": true,
            "schema": {
              "type": "string",
              "description": "revision name",
              "format": "",
              "minLength": 1,
              "maxLength": 255,
              "enum": [
                "[]"
              ]
            }
          }
        ],
        "responses": {
          "200": {
            "description": "List of revisions of a project",
            "content": {}
          },
          "404": {
            "description": "ResourceNotFoundException - Project not found or already deleted",
            "content": {}
          },
          "403": {
            "description": "AccessControlException - Access denied to the project",
            "content": {}
          }
        }
      }
    },
    "/api/projects/{id}/workflow": {
      "get": {
        "operationId": "getWorkflow()",
        "summary": null,
        "description": "(deprecated)",
        "parameters": [
          {
            "name": "id",
            "in": "path",
            "required": true,
            "schema": {
              "type": "int",
              "description": "project id",
              "format": null,
              "minimum": 1.0,
              "maximum": 2147483647.0,
              "default": "0"
            }
          },
          {
            "name": "name",
            "in": "query",
            "required": true,
            "schema": {
              "type": "string",
              "description": "workflow name",
              "format": null,
              "minLength": 1,
              "maxLength": 255
            }
          },
          {
            "name": "revision",
            "in": "query",
            "required": true,
            "schema": {
              "type": "string",
              "description": "use a given revision of the project instead of the latest revision",
              "format": null,
              "minLength": 1,
              "maxLength": 255
            }
          }
        ],
        "responses": {
          "200": {
            "description": "Successful retrieval of the workflow definition.",
            "content": {}
          },
          "404": {
            "description": "ResourceNotFoundException - The specified project or workflow definition does not exist.",
            "content": {}
          },
          "403": {
            "description": "AccessControlException - The user does not have permission to access the workflow.",
            "content": {}
          }
        }
      }
    },
    "/api/projects/{id}/workflows/{name}": {
      "get": {
        "operationId": "getWorkflowByName()",
        "summary": null,
        "description": "",
        "parameters": [
          {
            "name": "id",
            "in": "path",
            "required": true,
            "schema": {
              "type": "int",
              "description": "project id",
              "format": null,
              "minimum": 1.0,
              "maximum": 2147483647.0,
              "default": "0"
            }
          },
          {
            "name": "name",
            "in": "path",
            "required": true,
            "schema": {
              "type": "string",
              "description": "workflow name",
              "format": "",
              "minLength": 1,
              "maxLength": 255,
              "enum": [
                "[]"
              ]
            }
          },
          {
            "name": "revision",
            "in": "query",
            "required": true,
            "schema": {
              "type": "string",
              "description": "use a given revision of the project instead of the latest revision",
              "format": "",
              "minLength": 1,
              "maxLength": 255,
              "enum": [
                "[]"
              ]
            }
          }
        ],
        "responses": {
          "200": {
            "description": "Successful retrieval of the workflow definition.",
            "content": {}
          },
          "404": {
            "description": "ResourceNotFoundException - The specified project or workflow does not exist.",
            "content": {}
          },
          "403": {
            "description": "AccessControlException - The user does not have permission to access the workflow.",
            "content": {}
          }
        }
      }
    },
    "/api/projects/{id}/workflows": {
      "get": {
        "operationId": "getWorkflows()",
        "summary": null,
        "description": "List workflows of a project with filters",
        "parameters": [
          {
            "name": "id",
            "in": "path",
            "required": true,
            "schema": {
              "type": "int",
              "description": "project id",
              "format": null,
              "minimum": 1.0,
              "maximum": 2147483647.0,
              "default": "0"
            }
          },
          {
            "name": "revision",
            "in": "query",
            "required": true,
            "schema": {
              "type": "string",
              "description": "use a given revision of the project instead of the latest revision",
              "format": null,
              "minLength": 1,
              "maxLength": 255
            }
          },
          {
            "name": "name",
            "in": "query",
            "required": true,
            "schema": {
              "type": "string",
              "description": "exact matching filter on workflow name",
              "format": null,
              "minLength": 0,
              "maxLength": 255
            }
          }
        ],
        "responses": {
          "200": {
            "description": "List workflows of a project with filters",
            "content": {}
          },
          "404": {
            "description": "ResourceNotFoundException: Project not found or deleted",
            "content": {}
          },
          "403": {
            "description": "AccessControlException: User does not have permission to access the workflows",
            "content": {}
          }
        }
      }
    },
    "/api/projects/{id}/schedules": {
      "get": {
        "operationId": "getSchedules()",
        "summary": null,
        "description": "List schedules of a project with filters",
        "parameters": [
          {
            "name": "projectId",
            "in": "path",
            "required": true,
            "schema": {
              "type": "int",
              "description": "project id",
              "format": null,
              "minimum": 1.0,
              "maximum": 2147483647.0,
              "default": "0"
            }
          },
          {
            "name": "workflowName",
            "in": "query",
            "required": true,
            "schema": {
              "type": "string",
              "description": "exact matching filter on workflow name",
              "format": null,
              "minLength": 1,
              "maxLength": 255
            }
          },
          {
            "name": "last_id",
            "in": "query",
            "required": true,
            "schema": {
              "type": "int",
              "description": "list schedules whose id is greater than this id for pagination",
              "format": null,
              "minimum": 1.0,
              "maximum": 2147483647.0,
              "default": "0"
            }
          }
        ],
        "responses": {
          "200": {
            "description": "List schedules of a project with filters",
            "content": {}
          },
          "404": {
            "description": "ResourceNotFoundException - Project not found or deleted",
            "content": {}
          },
          "403": {
            "description": "AccessControlException - Access denied to list schedules",
            "content": {}
          }
        }
      }
    },
    "/api/projects/{id}/sessions": {
      "get": {
        "operationId": "getSessions()",
        "summary": null,
        "description": "List sessions of a project with filters",
        "parameters": [
          {
            "name": "projectId",
            "in": "path",
            "required": true,
            "schema": {
              "type": "int",
              "description": "project id",
              "format": null,
              "minimum": 1.0,
              "maximum": 2147483647.0,
              "default": "0"
            }
          },
          {
            "name": "workflowName",
            "in": "query",
            "required": true,
            "schema": {
              "type": "string",
              "description": "exact matching filter on workflow name",
              "format": null,
              "minLength": 1,
              "maxLength": 255
            }
          },
          {
            "name": "last_id",
            "in": "query",
            "required": true,
            "schema": {
              "type": "int",
              "description": "list sessions whose id is greater than this id for pagination",
              "format": null,
              "minimum": 1.0,
              "maximum": 2147483647.0,
              "default": "0"
            }
          },
          {
            "name": "page_size",
            "in": "query",
            "required": true,
            "schema": {
              "type": "int",
              "description": "number of sessions to return",
              "format": null,
              "minimum": 1.0,
              "maximum": 1000.0,
              "default": "100"
            }
          }
        ],
        "responses": {
          "200": {
            "description": "List of sessions of a project with filters",
            "content": {}
          },
          "404": {
            "description": "ResourceNotFoundException",
            "content": {}
          },
          "403": {
            "description": "AccessControlException",
            "content": {}
          }
        }
      }
    },
    "/api/projects/{id}/archive": {
      "get": {
        "operationId": "getArchive()",
        "summary": null,
        "description": "Download a project archive file",
        "parameters": [
          {
            "name": "id",
            "in": "path",
            "required": true,
            "schema": {
              "type": "int",
              "description": "project id",
              "format": null,
              "minimum": 1.0,
              "maximum": 2147483647.0,
              "default": "0"
            }
          },
          {
            "name": "revision",
            "in": "query",
            "required": true,
            "schema": {
              "type": "string",
              "description": "use a given revision of a project instead of the latest revision",
              "format": null,
              "minLength": 1,
              "maxLength": 255
            }
          },
          {
            "name": "direct_download",
            "in": "query",
            "required": true,
            "schema": {
              "type": "boolean",
              "description": "enable returning direct download handle",
              "format": null,
              "default": "true"
            }
          }
        ],
        "responses": {
          "200": {
            "description": "Successful retrieval of project archive",
            "content": {}
          },
          "404": {
            "description": "Archive is not stored",
            "content": {}
          },
          "500": {
            "description": "Failed to create a HTTP response to redirect to a direct download URL. Falling back to fetching from the server.",
            "content": {}
          }
        }
      }
    },
    "/api/projects/{id}/secrets/{key}": {
      "put": {
        "operationId": "putProjectSecret()",
        "summary": null,
        "description": "Set a secret to a project",
        "parameters": [
          {
            "name": "projectId",
            "in": "path",
            "required": true,
            "schema": {
              "type": "int",
              "description": "project id",
              "format": null,
              "minimum": 1.0,
              "maximum": 2147483647.0,
              "default": "0"
            }
          },
          {
            "name": "key",
            "in": "path",
            "required": true,
            "schema": {
              "type": "string",
              "description": "secret key",
              "format": "",
              "minLength": 1,
              "maxLength": 255,
              "enum": [
                "[]"
              ]
            }
          },
          {
            "name": "value",
            "in": "body",
            "required": true,
            "schema": {
              "type": "string",
              "description": "the value of the secret",
              "format": "",
              "minLength": 1,
              "maxLength": 255,
              "enum": [
                "[]"
              ]
            }
          }
        ],
        "responses": {
          "200": {
            "description": "Successfully set a secret to a project",
            "content": {}
          },
          "404": {
            "description": "ResourceNotFoundException: The specified project was not found",
            "content": {}
          },
          "403": {
            "description": "AccessControlException: User does not have permission to set the secret",
            "content": {}
          },
          "400": {
            "description": "IllegalArgumentException: Invalid secret",
            "content": {}
          }
        }
      },
      "delete": {
        "operationId": "deleteProjectSecret()",
        "summary": null,
        "description": "Delete a secret from a project",
        "parameters": [
          {
            "name": "projectId",
            "in": "path",
            "required": true,
            "schema": {
              "type": "int",
              "description": "project id",
              "format": null,
              "minimum": 1.0,
              "maximum": 2147483647.0,
              "default": "0"
            }
          },
          {
            "name": "key",
            "in": "path",
            "required": true,
            "schema": {
              "type": "string",
              "description": "secret key",
              "format": "",
              "minLength": 1,
              "maxLength": 128,
              "enum": [
                "[]"
              ]
            }
          }
        ],
        "responses": {
          "200": {
            "description": "Successfully deleted the secret from the project.",
            "content": {}
          },
          "404": {
            "description": "The specified project or secret was not found.",
            "content": {}
          },
          "403": {
            "description": "Access denied for the operation.",
            "content": {}
          },
          "400": {
            "description": "Invalid secret key provided.",
            "content": {}
          }
        }
      }
    },
    "/api/projects/{id}/secrets": {
      "get": {
        "operationId": "getProjectSecrets()",
        "summary": null,
        "description": "List secret keys of a project",
        "parameters": [
          {
            "name": "id",
            "in": "path",
            "required": true,
            "schema": {
              "type": "int",
              "description": "project id",
              "format": null,
              "minimum": 1.0,
              "maximum": 2147483647.0,
              "default": "0"
            }
          }
        ],
        "responses": {
          "200": {
            "description": "List of secret keys of a project",
            "content": {}
          },
          "404": {
            "description": "ResourceNotFoundException - Project not found or deleted",
            "content": {}
          },
          "403": {
            "description": "AccessControlException - Access denied for getting project secrets",
            "content": {}
          }
        }
      }
    },
    "/api/schedules": {
      "get": {
        "operationId": "getSchedules()",
        "summary": null,
        "description": "List schedules",
        "parameters": [
          {
            "name": "last_id",
            "in": "query",
            "required": true,
            "schema": {
              "type": "integer",
              "description": "list schedules whose id is greater than this id for pagination",
              "format": null
            }
          }
        ],
        "responses": {
          "200": {
            "description": "List of schedules",
            "content": {}
          },
          "403": {
            "description": "Access denied for listing schedules",
            "content": {}
          }
        }
      }
    },
    "/api/schedules/{id}": {
      "get": {
        "operationId": "getSchedules()",
        "summary": null,
        "description": "Get a schedule",
        "parameters": [
          {
            "name": "id",
            "in": "path",
            "required": true,
            "schema": {
              "type": "int",
              "description": "schedule id",
              "format": null,
              "minimum": 1.0,
              "maximum": 2147483647.0,
              "default": "0"
            }
          }
        ],
        "responses": {
          "200": {
            "description": "Successfully retrieved the schedule.",
            "content": {}
          },
          "404": {
            "description": "The schedule with the specified ID was not found.",
            "content": {}
          },
          "403": {
            "description": "Access denied to retrieve the schedule.",
            "content": {}
          }
        }
      }
    },
    "/api/schedules/{id}/skip": {
      "post": {
        "operationId": "skipSchedule()",
        "summary": null,
        "description": "Skip future sessions by count or time",
        "parameters": [
          {
            "name": "id",
            "in": "path",
            "required": true,
            "schema": {
              "type": "int",
              "description": "session id",
              "format": null,
              "minimum": 1.0,
              "maximum": 2147483647.0,
              "default": "0"
            }
          },
          {
            "name": "nextTime",
            "in": "body",
            "required": true,
            "schema": {
              "type": "string",
              "description": "next time to skip to",
              "format": "yyyy-MM-dd'T'HH:mm:ss.SSS'Z'",
              "enum": [
                "[]"
              ]
            }
          },
          {
            "name": "count",
            "in": "body",
            "required": true,
            "schema": {
              "type": "int",
              "description": "number of sessions to skip",
              "format": null,
              "minimum": 1.0,
              "maximum": 2147483647.0,
              "default": "0"
            }
          },
          {
            "name": "fromTime",
            "in": "body",
            "required": true,
            "schema": {
              "type": "string",
              "description": "time from which to start skipping",
              "format": "yyyy-MM-dd'T'HH:mm:ss.SSS'Z'",
              "enum": [
                "[]"
              ]
            }
          },
          {
            "name": "nextRunTime",
            "in": "body",
            "required": true,
            "schema": {
              "type": "string",
              "description": "next run time after skipping",
              "format": "yyyy-MM-dd'T'HH:mm:ss.SSS'Z'",
              "enum": [
                "[]"
              ]
            }
          },
          {
            "name": "dryRun",
            "in": "body",
            "required": true,
            "schema": {
              "type": "boolean",
              "description": "if true, perform a dry run",
              "format": null,
              "default": "0"
            }
          }
        ],
        "responses": {
          "200": {
            "description": "Successful response containing the updated schedule summary.",
            "content": {}
          },
          "404": {
            "description": "ResourceNotFoundException: The specified schedule was not found.",
            "content": {}
          },
          "409": {
            "description": "ResourceConflictException: There was a conflict in the request.",
            "content": {}
          },
          "403": {
            "description": "AccessControlException: The user does not have permission to skip the schedule.",
            "content": {}
          }
        }
      }
    },
    "/api/schedules/{id}/backfill": {
      "post": {
        "operationId": "backfillSchedule()",
        "summary": null,
        "description": "Re-schedule past sessions by count or duration",
        "parameters": [
          {
            "name": "id",
            "in": "path",
            "required": true,
            "schema": {
              "type": "int",
              "description": "session id",
              "format": null,
              "minimum": 1.0,
              "maximum": 2147483647.0,
              "default": "0"
            }
          },
          {
            "name": "fromTime",
            "in": "body",
            "required": true,
            "schema": {
              "type": "string",
              "description": "the starting time for backfilling",
              "format": "yyyy-MM-dd'T'HH:mm:ss.SSS'Z'",
              "enum": [
                "[]"
              ]
            }
          },
          {
            "name": "attemptName",
            "in": "body",
            "required": true,
            "schema": {
              "type": "string",
              "description": "optional name for the attempt",
              "format": null,
              "minLength": 1,
              "maxLength": 255,
              "enum": [
                "[]"
              ]
            }
          },
          {
            "name": "count",
            "in": "body",
            "required": true,
            "schema": {
              "type": "int",
              "description": "number of sessions to backfill",
              "format": null,
              "minimum": 1.0,
              "maximum": 100.0,
              "default": "1"
            }
          },
          {
            "name": "dryRun",
            "in": "body",
            "required": true,
            "schema": {
              "type": "boolean",
              "description": "if true, perform a dry run without making changes",
              "format": null,
              "default": "0"
            }
          }
        ],
        "responses": {
          "200": {
            "description": "Successful backfill of schedule sessions.",
            "content": {}
          },
          "409": {
            "description": "Resource conflict occurred.",
            "content": {}
          },
          "429": {
            "description": "Resource limit exceeded.",
            "content": {}
          },
          "404": {
            "description": "Schedule not found.",
            "content": {}
          },
          "403": {
            "description": "Access denied.",
            "content": {}
          }
        }
      }
    },
    "/api/schedules/{id}/disable": {
      "post": {
        "operationId": "disableSchedule()",
        "summary": null,
        "description": "Disable scheduling of new sessions",
        "parameters": [],
        "responses": {
          "200": {
            "description": "Successfully disabled scheduling of new sessions.",
            "content": {}
          },
          "404": {
            "description": "The specified schedule was not found.",
            "content": {}
          },
          "409": {
            "description": "Conflict occurred while trying to disable the schedule.",
            "content": {}
          },
          "403": {
            "description": "Access denied for disabling the schedule.",
            "content": {}
          }
        }
      }
    },
    "/api/schedules/{id}/enable": {
      "post": {
        "operationId": "enableSchedule()",
        "summary": null,
        "description": "Re-enable disabled scheduling",
        "parameters": [
          {
            "name": "id",
            "in": "path",
            "required": true,
            "schema": {
              "type": "int",
              "description": "session id",
              "format": null,
              "minimum": 1.0
            }
          },
          {
            "name": "skipSchedule",
            "in": "body",
            "required": true,
            "schema": {
              "type": "boolean",
              "description": "indicates whether to skip the schedule",
              "format": null,
              "default": "0"
            }
          },
          {
            "name": "nextTime",
            "in": "body",
            "required": true,
            "schema": {
              "type": "string",
              "description": "next time to schedule in string format",
              "format": "yyyy-MM-dd'T'HH:mm:ss.SSS'Z'"
            }
          }
        ],
        "responses": {
          "200": {
            "description": "Successfully re-enabled the disabled scheduling.",
            "content": {}
          },
          "404": {
            "description": "The specified schedule was not found.",
            "content": {}
          },
          "409": {
            "description": "There was a conflict while enabling the schedule.",
            "content": {}
          },
          "403": {
            "description": "Access denied for enabling the schedule.",
            "content": {}
          }
        }
      }
    },
    "/api/sessions": {
      "get": {
        "operationId": "getSessions()",
        "summary": null,
        "description": "List sessions",
        "parameters": [
          {
            "name": "last_id",
            "in": "query",
            "required": true,
            "schema": {
              "type": "long",
              "description": "list sessions whose id is greater than this id for pagination",
              "format": null
            }
          },
          {
            "name": "page_size",
            "in": "query",
            "required": true,
            "schema": {
              "type": "int",
              "description": "number of sessions to return",
              "format": null,
              "minimum": 1.0,
              "maximum": 100.0,
              "default": "100"
            }
          }
        ],
        "responses": {
          "200": {
            "description": "List of sessions retrieved successfully.",
            "content": {}
          },
          "403": {
            "description": "Access denied for the authenticated user.",
            "content": {}
          },
          "404": {
            "description": "The specified site or sessions not found.",
            "content": {}
          }
        }
      }
    },
    "/api/sessions/{id}": {
      "get": {
        "operationId": "getSession()",
        "summary": null,
        "description": "Get a session",
        "parameters": [
          {
            "name": "id",
            "in": "path",
            "required": true,
            "schema": {
              "type": "long",
              "description": "session id",
              "format": null
            }
          }
        ],
        "responses": {
          "200": {
            "description": "Successful retrieval of the session.",
            "content": {}
          },
          "404": {
            "description": "Resource Not Found - The session with the specified ID does not exist.",
            "content": {}
          },
          "403": {
            "description": "Access Denied - The user does not have permission to access this session.",
            "content": {}
          }
        }
      }
    },
    "/api/sessions/{id}/attempts": {
      "get": {
        "operationId": "getSessionAttempts()",
        "summary": null,
        "description": "List attempts of a session",
        "parameters": [
          {
            "name": "id",
            "in": "path",
            "required": true,
            "schema": {
              "type": "int",
              "description": "session id",
              "format": null,
              "minimum": 1.0,
              "maximum": 2147483647.0,
              "default": "0"
            }
          },
          {
            "name": "last_id",
            "in": "query",
            "required": true,
            "schema": {
              "type": "Long",
              "description": "list attempts whose id is greater than this id for pagination",
              "format": null,
              "minimum": 1.0,
              "maximum": 9.223372036854776e+18
            }
          },
          {
            "name": "page_size",
            "in": "query",
            "required": true,
            "schema": {
              "type": "int",
              "description": "number of attempts to return",
              "format": null,
              "minimum": 1.0,
              "maximum": 100.0,
              "default": "100"
            }
          }
        ],
        "responses": {
          "200": {
            "description": "List of session attempts for the specified session ID.",
            "content": {}
          },
          "404": {
            "description": "ResourceNotFoundException - The specified session ID does not exist.",
            "content": {}
          },
          "403": {
            "description": "AccessControlException - The authenticated user does not have permission to access the session attempts.",
            "content": {}
          }
        }
      }
    },
    "/assets/{path}": {
      "get": {
        "operationId": "getAssets()",
        "summary": null,
        "description": "Retrieves assets from the public/assets directory based on the specified path.",
        "parameters": [
          {
            "name": "path",
            "in": "path",
            "required": true,
            "schema": {
              "type": "string",
              "description": "The path to the asset being requested.",
              "format": null,
              "enum": [
                "[]"
              ]
            }
          }
        ],
        "responses": {
          "200": {
            "description": "Successfully retrieves the asset specified by the path.",
            "content": {}
          },
          "404": {
            "description": "The requested asset was not found.",
            "content": {}
          }
        }
      }
    },
    "/{path:.*}": {
      "get": {
        "operationId": "getApplication()",
        "summary": null,
        "description": "Retrieves application resources from the public directory based on the specified path. If the path is empty, it returns the index response.",
        "parameters": [
          {
            "name": "path",
            "in": "path",
            "required": true,
            "schema": {
              "type": "string",
              "description": "The path to the requested resource.",
              "format": "",
              "minLength": 0,
              "maxLength": -1,
              "enum": [
                "[]"
              ]
            }
          }
        ],
        "responses": {
          "200": {
            "description": "Successful response with the requested resource.",
            "content": {}
          },
          "404": {
            "description": "Resource not found.",
            "content": {}
          }
        }
      }
    },
    "/api/version": {
      "get": {
        "operationId": "getVersion()",
        "summary": null,
        "description": "Get server version",
        "parameters": [],
        "responses": {
          "200": {
            "description": "Successful response with server version information.",
            "content": {}
          }
        }
      }
    },
    "/api/version/check": {
      "get": {
        "operationId": "checkClientVersion()",
        "summary": null,
        "description": "Check client version compatibility",
        "parameters": [
          {
            "name": "client",
            "in": "query",
            "required": true,
            "schema": {
              "type": "string",
              "description": "client version",
              "format": null,
              "enum": [
                "[]"
              ]
            }
          }
        ],
        "responses": {
          "200": {
            "description": "Successful response containing client version compatibility information.",
            "content": {}
          },
          "400": {
            "description": "Bad Request - if the client version string is not provided or is invalid.",
            "content": {}
          }
        }
      }
    },
    "/api/workflow": {
      "get": {
        "operationId": "getWorkflowDefinition()",
        "summary": null,
        "description": "(deprecated)",
        "parameters": [
          {
            "name": "project",
            "in": "query",
            "required": true,
            "schema": {
              "type": "string",
              "description": "The name of the project.",
              "format": null,
              "enum": [
                "[]"
              ]
            }
          },
          {
            "name": "revision",
            "in": "query",
            "required": true,
            "schema": {
              "type": "string",
              "description": "The name of the revision.",
              "format": null,
              "enum": [
                "[]"
              ]
            }
          },
          {
            "name": "name",
            "in": "query",
            "required": true,
            "schema": {
              "type": "string",
              "description": "The name of the workflow.",
              "format": null,
              "enum": [
                "[]"
              ]
            }
          }
        ],
        "responses": {
          "200": {
            "description": "Successfully retrieved the workflow definition.",
            "content": {}
          },
          "404": {
            "description": "ResourceNotFoundException: The specified project, revision, or workflow definition was not found.",
            "content": {}
          },
          "403": {
            "description": "AccessControlException: The user does not have permission to access the workflow.",
            "content": {}
          }
        }
      }
    },
    "/api/workflows": {
      "get": {
        "operationId": "getWorkflowDefinitions()",
        "summary": null,
        "description": "List workflows",
        "parameters": [
          {
            "name": "last_id",
            "in": "query",
            "required": true,
            "schema": {
              "type": "int",
              "description": "pagination. return workflows which id are greater than last_id with order 'asc', which id are less than the last_id with order 'desc'",
              "format": null
            }
          },
          {
            "name": "count",
            "in": "query",
            "required": true,
            "schema": {
              "type": "int",
              "description": "number of workflows to return",
              "format": null,
              "minimum": 1.0,
              "default": "100"
            }
          },
          {
            "name": "order",
            "in": "query",
            "required": true,
            "schema": {
              "type": "string",
              "description": "Sort order. 'asc' or 'desc'",
              "format": null,
              "default": "asc",
              "enum": [
                "['asc'",
                " 'desc']"
              ]
            }
          },
          {
            "name": "name_pattern",
            "in": "query",
            "required": true,
            "schema": {
              "type": "string",
              "description": "name pattern to be partially matched",
              "format": null
            }
          },
          {
            "name": "search_project_name",
            "in": "query",
            "required": true,
            "schema": {
              "type": "boolean",
              "description": "name pattern to be partially matched",
              "format": null,
              "default": "0"
            }
          }
        ],
        "responses": {
          "200": {
            "description": "List of workflows",
            "content": {}
          },
          "404": {
            "description": "Resource not found",
            "content": {}
          },
          "403": {
            "description": "Access denied",
            "content": {}
          }
        }
      }
    },
    "/api/workflows/{id}": {
      "get": {
        "operationId": "getWorkflowDefinition()",
        "summary": null,
        "description": "Get a workflow",
        "parameters": [
          {
            "name": "id",
            "in": "path",
            "required": true,
            "schema": {
              "type": "int",
              "description": "workflow id",
              "format": null,
              "minimum": 1.0,
              "maximum": -1,
              "default": "N/A"
            }
          }
        ],
        "responses": {
          "200": {
            "description": "Successfully retrieved the workflow definition.",
            "content": {}
          },
          "404": {
            "description": "The specified workflow definition was not found.",
            "content": {}
          },
          "403": {
            "description": "Access to the workflow definition is denied.",
            "content": {}
          }
        }
      }
    },
    "/api/workflows/{id}/truncated_session_time": {
      "get": {
        "operationId": "getWorkflowDefinition()",
        "summary": null,
        "description": "Get truncated local time based on the time zone of a workflow",
        "parameters": [
          {
            "name": "id",
            "in": "path",
            "required": true,
            "schema": {
              "type": "long",
              "description": "workflow id",
              "format": null,
              "minimum": 1.0
            }
          },
          {
            "name": "session_time",
            "in": "query",
            "required": true,
            "schema": {
              "type": "LocalTimeOrInstant",
              "description": "session time to be truncated",
              "format": null
            }
          },
          {
            "name": "mode",
            "in": "query",
            "required": true,
            "schema": {
              "type": "SessionTimeTruncate",
              "description": "truncation mode - second, minute, hour, day, schedule, or next_schedule",
              "format": null,
              "enum": [
                "['second'",
                " 'minute'",
                " 'hour'",
                " 'day'",
                " 'schedule'",
                " 'next_schedule']"
              ]
            }
          }
        ],
        "responses": {
          "200": {
            "description": "Successful response containing the truncated session time based on the time zone of a workflow.",
            "content": {}
          },
          "400": {
            "description": "Bad Request - session_time is required.",
            "content": {}
          },
          "404": {
            "description": "Resource Not Found - workflow definition not found for the given id.",
            "content": {}
          },
          "403": {
            "description": "Access Control Exception - user does not have permission to access the workflow.",
            "content": {}
          },
          "500": {
            "description": "Internal Server Error - an unexpected error occurred.",
            "content": {}
          }
        }
      }
    }
  }
}