{
  "openapi": "3.1.1",
  "info": {
    "title": "API Specification",
    "version": "1.0.0"
  },
  "paths": {
    "/activities": {
      "get": {
        "operationId": "activities()",
        "summary": null,
        "description": "Retrieves activities based on the specified activity type and user/group context.",
        "parameters": [
          {
            "name": "type",
            "in": "query",
            "required": true,
            "schema": {
              "type": "string",
              "description": "The type of activity to filter by.",
              "format": null,
              "enum": [
                "['CHANGED_PROFILE'",
                " 'CREATED_GROUP'",
                " 'CHANGED_GROUP'",
                " 'JOINED_GROUP'",
                " 'LEFT_GROUP'",
                " 'DELETED_GROUP'",
                " 'FRIENDED_USER'",
                " 'UNFRIENDED_USER'",
                " 'CREATED_TRACK']"
              ]
            }
          },
          {
            "name": "type",
            "in": "query",
            "required": true,
            "schema": {
              "type": "string",
              "description": "The type of activity to filter by.",
              "format": null,
              "enum": [
                "['CHANGED_PROFILE'",
                " 'CREATED_GROUP'",
                " 'CHANGED_GROUP'",
                " 'JOINED_GROUP'",
                " 'LEFT_GROUP'",
                " 'DELETED_GROUP'",
                " 'FRIENDED_USER'",
                " 'UNFRIENDED_USER'",
                " 'CREATED_TRACK']"
              ]
            }
          },
          {
            "name": "type",
            "in": "query",
            "required": true,
            "schema": {
              "type": "string",
              "description": "The type of activity to filter by.",
              "format": null,
              "enum": [
                "['CHANGED_PROFILE'",
                " 'CREATED_GROUP'",
                " 'CHANGED_GROUP'",
                " 'JOINED_GROUP'",
                " 'LEFT_GROUP'",
                " 'DELETED_GROUP'",
                " 'FRIENDED_USER'",
                " 'UNFRIENDED_USER'",
                " 'CREATED_TRACK']"
              ]
            }
          },
          {
            "name": "type",
            "in": "query",
            "required": true,
            "schema": {
              "type": "string",
              "description": "The type of activity to filter by.",
              "format": null,
              "enum": [
                "['CHANGED_PROFILE'",
                " 'CREATED_GROUP'",
                " 'CHANGED_GROUP'",
                " 'JOINED_GROUP'",
                " 'LEFT_GROUP'",
                " 'DELETED_GROUP'",
                " 'FRIENDED_USER'",
                " 'UNFRIENDED_USER'",
                " 'CREATED_TRACK']"
              ]
            }
          }
        ],
        "responses": {
          "200": {
            "description": "Successfully retrieved activities.",
            "content": {}
          },
          "400": {
            "description": "Bad request due to invalid parameters.",
            "content": {}
          }
        }
      }
    },
    "/activities/{id}": {
      "get": {
        "operationId": "activity(String id)",
        "summary": null,
        "description": "Retrieves a specific activity by its identifier.",
        "parameters": [
          {
            "name": "id",
            "in": "path",
            "required": true,
            "schema": {
              "type": "string",
              "description": "The unique identifier of the activity to retrieve.",
              "format": "",
              "minLength": 1,
              "maxLength": 255,
              "enum": [
                "[]"
              ]
            }
          }
        ],
        "responses": {
          "200": {
            "description": "Successful retrieval of activity details.",
            "content": {}
          },
          "400": {
            "description": "Bad Request - Invalid activity ID provided.",
            "content": {}
          },
          "404": {
            "description": "Not Found - Activity with the specified ID does not exist.",
            "content": {}
          },
          "500": {
            "description": "Internal Server Error - An unexpected error occurred.",
            "content": {}
          }
        }
      }
    },
    "/announcements": {
      "get": {
        "operationId": "announcements()",
        "summary": null,
        "description": "Retrieves a paginated list of announcements.",
        "parameters": [],
        "responses": {
          "200": {
            "description": "Successful retrieval of announcements.",
            "content": {}
          },
          "400": {
            "description": "Bad request due to invalid parameters.",
            "content": {}
          },
          "404": {
            "description": "Announcements not found.",
            "content": {}
          },
          "403": {
            "description": "Forbidden access to announcements due to insufficient rights.",
            "content": {}
          },
          "500": {
            "description": "Internal server error.",
            "content": {}
          }
        }
      }
    },
    "/announcements/{id}": {
      "get": {
        "operationId": "announcement(String id)",
        "summary": null,
        "description": "Retrieves a specific announcement by its identifier.",
        "parameters": [],
        "responses": {
          "200": {
            "description": "Returns the announcement with the specified ID.",
            "content": {}
          },
          "404": {
            "description": "The specified announcement was not found.",
            "content": {}
          },
          "400": {
            "description": "Bad request due to invalid parameters.",
            "content": {}
          }
        }
      }
    },
    "/api-docs": {
      "get": {
        "operationId": "get()",
        "summary": null,
        "description": "Returns the adjusted API documentation in JSON format.",
        "parameters": [],
        "responses": {
          "200": {
            "description": "Successful retrieval of API documentation.",
            "content": {}
          },
          "500": {
            "description": "Internal Server Error if there is an IOException while loading the YAML file.",
            "content": {}
          },
          "302": {
            "description": "Temporary redirect to the index.html file.",
            "content": {}
          }
        }
      }
    },
    "/api-docs/{file}": {
      "get": {
        "operationId": "ui(String file)",
        "summary": null,
        "description": "Serves static files (HTML, CSS, JS, PNG) from the swagger-ui directory.",
        "parameters": [
          {
            "name": "file",
            "in": "path",
            "required": true,
            "schema": {
              "type": "string",
              "description": "The name of the file to retrieve from the swagger-ui resources.",
              "format": "",
              "minLength": 1,
              "maxLength": 255,
              "enum": [
                "[]"
              ]
            }
          }
        ],
        "responses": {
          "302": {
            "description": "Temporary redirect to index.html",
            "content": {}
          },
          "200": {
            "description": "Returns the requested file (JavaScript, CSS, HTML, or PNG)",
            "content": {}
          },
          "404": {
            "description": "File not found",
            "content": {}
          }
        }
      }
    },
    "/{code}": {
      "get": {
        "operationId": "confirm()",
        "summary": null,
        "description": "Confirms a user based on the provided confirmation code.",
        "parameters": [
          {
            "name": "code",
            "in": "path",
            "required": true,
            "schema": {
              "type": "string",
              "description": "The confirmation code for user verification.",
              "format": "",
              "minLength": 1,
              "maxLength": 255,
              "enum": [
                "[]"
              ]
            }
          }
        ],
        "responses": {
          "303": {
            "description": "See Other - Redirects to the application login page with the username as a fragment.",
            "content": {}
          },
          "404": {
            "description": "Not Found - The provided confirmation code was not found.",
            "content": {}
          },
          "400": {
            "description": "Bad Request - If there is an issue with the request, such as an unsupported encoding exception.",
            "content": {}
          }
        }
      }
    },
    "/{id}": {
      "get": {
        "operationId": "activity(String id)",
        "summary": null,
        "description": "Retrieves a specific activity by its identifier.",
        "parameters": [
          {
            "name": "id",
            "in": "path",
            "required": true,
            "schema": {
              "type": "string",
              "description": "The identifier of the activity to retrieve.",
              "format": "",
              "minLength": 1,
              "maxLength": 255,
              "enum": [
                "[]"
              ]
            }
          }
        ],
        "responses": {
          "200": {
            "description": "Successfully retrieved the activity.",
            "content": {}
          },
          "400": {
            "description": "Bad Request - Invalid activity ID.",
            "content": {}
          },
          "404": {
            "description": "Not Found - Activity not found for the given ID.",
            "content": {}
          },
          "500": {
            "description": "Internal Server Error - An unexpected error occurred.",
            "content": {}
          }
        }
      }
    },
    "/api/friends": {
      "get": {
        "operationId": "get()",
        "summary": null,
        "description": "Retrieves the list of friends for the current user.",
        "parameters": [],
        "responses": {
          "200": {
            "description": "Successfully retrieved the list of friends for the user.",
            "content": {}
          },
          "403": {
            "description": "Forbidden: User does not have rights to see friends.",
            "content": {}
          },
          "500": {
            "description": "Internal Server Error: An unexpected error occurred.",
            "content": {}
          }
        }
      },
      "post": {
        "operationId": "add(UserReference friend)",
        "summary": null,
        "description": "Adds a new friend for the current user.",
        "parameters": [
          {
            "name": "name",
            "in": null,
            "required": true,
            "schema": {
              "type": "string",
              "description": "The name of the user to be added as a friend.",
              "format": null,
              "minLength": 1,
              "maxLength": 128
            }
          }
        ],
        "responses": {
          "200": {
            "description": "Friend added successfully.",
            "content": {}
          },
          "400": {
            "description": "Bad Request - The friend reference is invalid or the user is trying to add themselves as a friend.",
            "content": {}
          },
          "404": {
            "description": "User Not Found - The specified friend does not exist.",
            "content": {}
          }
        }
      }
    },
    "/api/friends/{friend}": {
      "get": {
        "operationId": "friend(String friendName)",
        "summary": null,
        "description": "Retrieves a specific friend by name.",
        "parameters": [
          {
            "name": "friendName",
            "in": "path",
            "required": true,
            "schema": {
              "type": "string",
              "description": "The name of the friend to retrieve information about.",
              "format": "",
              "minLength": 1,
              "maxLength": 255,
              "enum": [
                "[]"
              ]
            }
          }
        ],
        "responses": {
          "200": {
            "description": "Returns the friend information for the specified friend name.",
            "content": {}
          },
          "403": {
            "description": "Forbidden: User does not have rights to see friends.",
            "content": {}
          },
          "404": {
            "description": "Not Found: The specified friend was not found.",
            "content": {}
          }
        }
      }
    },
    "/api/friends/incomingRequests": {
      "get": {
        "operationId": "pendingIncomingFriendRequests()",
        "summary": null,
        "description": "Retrieves the list of incoming friend requests for the current user.",
        "parameters": [],
        "responses": {
          "200": {
            "description": "Returns the list of incoming friend requests for the user.",
            "content": {}
          },
          "403": {
            "description": "Forbidden - User does not have rights to see incoming friend requests.",
            "content": {}
          },
          "404": {
            "description": "Not Found - The user does not exist.",
            "content": {}
          }
        }
      }
    },
    "/api/friends/outgoingRequests": {
      "get": {
        "operationId": "pendingOutgoingFriendRequests()",
        "summary": null,
        "description": "Retrieves the list of outgoing friend requests sent by the current user.",
        "parameters": [],
        "responses": {
          "200": {
            "description": "Successfully retrieved the list of outgoing friend requests.",
            "content": {}
          },
          "403": {
            "description": "Forbidden: User does not have permission to see outgoing friend requests.",
            "content": {}
          },
          "404": {
            "description": "Not Found: The user does not exist.",
            "content": {}
          }
        }
      }
    },
    "/api/friends/declineRequest": {
      "post": {
        "operationId": "decline(UserReference friend)",
        "summary": null,
        "description": "Declines a friend request from a specified user.",
        "parameters": [
          {
            "name": "friend",
            "in": "body",
            "required": true,
            "schema": {
              "type": "string",
              "description": "The name of the friend whose request is being declined.",
              "format": "",
              "minLength": 1,
              "maxLength": 255,
              "enum": [
                "[]"
              ]
            }
          }
        ],
        "responses": {
          "200": {
            "description": "Friend request declined successfully.",
            "content": {}
          },
          "404": {
            "description": "User not found.",
            "content": {}
          },
          "400": {
            "description": "Bad request due to invalid input.",
            "content": {}
          }
        }
      }
    },
    "/fuelings": {
      "get": {
        "operationId": "getAll()",
        "summary": null,
        "description": "Retrieves all fuelings for the authenticated user.",
        "parameters": [],
        "responses": {
          "200": {
            "description": "Successful retrieval of all fuelings.",
            "content": {}
          },
          "400": {
            "description": "Bad request due to invalid parameters.",
            "content": {}
          },
          "404": {
            "description": "No fuelings found for the user.",
            "content": {}
          }
        }
      },
      "post": {
        "operationId": "create(Fueling fueling)",
        "summary": null,
        "description": "Creates a new fueling entry for the authenticated user.",
        "parameters": [
          {
            "name": "fuelType",
            "in": null,
            "required": true,
            "schema": {
              "type": "string",
              "description": "Type of fuel used.",
              "format": null,
              "minLength": 1,
              "maxLength": 50
            }
          },
          {
            "name": "cost",
            "in": null,
            "required": true,
            "schema": {
              "type": "DimensionedNumber",
              "description": "Cost of the fueling.",
              "format": null
            }
          },
          {
            "name": "volume",
            "in": null,
            "required": true,
            "schema": {
              "type": "DimensionedNumber",
              "description": "Volume of fuel dispensed.",
              "format": null
            }
          },
          {
            "name": "mileage",
            "in": null,
            "required": true,
            "schema": {
              "type": "DimensionedNumber",
              "description": "Mileage associated with the fueling.",
              "format": null
            }
          },
          {
            "name": "time",
            "in": null,
            "required": true,
            "schema": {
              "type": "DateTime",
              "description": "Timestamp of the fueling event.",
              "format": "yyyy-MM-dd'T'HH:mm:ss.SSSZ"
            }
          },
          {
            "name": "comment",
            "in": null,
            "required": true,
            "schema": {
              "type": "string",
              "description": "Optional comment about the fueling.",
              "format": null,
              "maxLength": 255
            }
          },
          {
            "name": "car",
            "in": null,
            "required": true,
            "schema": {
              "type": "Sensor",
              "description": "The car associated with the fueling.",
              "format": null
            }
          }
        ],
        "responses": {
          "201": {
            "description": "Created - The fueling has been successfully created.",
            "content": {}
          },
          "400": {
            "description": "Bad Request - The request could not be understood or was missing required parameters.",
            "content": {}
          }
        }
      }
    },
    "/fuelings/{id}": {
      "get": {
        "operationId": "getFueling(String id)",
        "summary": null,
        "description": "Retrieves a specific fueling entry by its ID for the authenticated user.",
        "parameters": [
          {
            "name": "id",
            "in": "path",
            "required": true,
            "schema": {
              "type": "string",
              "description": "The identifier of the fueling record to retrieve.",
              "format": "",
              "minLength": 1,
              "maxLength": 255,
              "enum": [
                "[]"
              ]
            }
          }
        ],
        "responses": {
          "200": {
            "description": "Successfully retrieved the fueling data.",
            "content": {}
          },
          "404": {
            "description": "The fueling was not found.",
            "content": {}
          }
        }
      },
      "delete": {
        "operationId": "delete(String id)",
        "summary": null,
        "description": "Deletes a specific fueling entry by its ID for the authenticated user.",
        "parameters": [
          {
            "name": "id",
            "in": "path",
            "required": true,
            "schema": {
              "type": "string",
              "description": "The identifier of the fueling to be deleted",
              "format": "",
              "minLength": 1,
              "maxLength": 36,
              "enum": [
                "[]"
              ]
            }
          }
        ],
        "responses": {
          "204": {
            "description": "No Content - The fueling was successfully deleted.",
            "content": {}
          },
          "404": {
            "description": "Not Found - The fueling with the specified ID was not found.",
            "content": {}
          },
          "400": {
            "description": "Bad Request - The request was invalid or cannot be served.",
            "content": {}
          }
        }
      }
    },
    "/api/groupMembers": {
      "get": {
        "operationId": "get()",
        "summary": null,
        "description": "Retrieves the members of the specified group.",
        "parameters": [],
        "responses": {
          "200": {
            "description": "Successfully retrieved group members.",
            "content": {}
          },
          "400": {
            "description": "Bad request due to insufficient rights to see members of the group.",
            "content": {}
          },
          "404": {
            "description": "User not found.",
            "content": {}
          }
        }
      },
      "post": {
        "operationId": "add(UserReference user)",
        "summary": null,
        "description": "Adds a new member to the specified group.",
        "parameters": [],
        "responses": {
          "200": {
            "description": "User added successfully to the group.",
            "content": {}
          },
          "404": {
            "description": "User not found.",
            "content": {}
          },
          "400": {
            "description": "Bad request due to insufficient rights or invalid data.",
            "content": {}
          }
        }
      }
    },
    "/api/groupMembers/{member}": {
      "get": {
        "operationId": "member(String username)",
        "summary": null,
        "description": "Retrieves a specific member of the specified group.",
        "parameters": [
          {
            "name": "member",
            "in": "path",
            "required": true,
            "schema": {
              "type": "string",
              "description": "The username of the group member.",
              "format": "",
              "minLength": 1,
              "maxLength": 255,
              "enum": [
                "[]"
              ]
            }
          }
        ],
        "responses": {
          "200": {
            "description": "Successfully retrieved the group member information.",
            "content": {}
          },
          "403": {
            "description": "Access denied to see members of the group.",
            "content": {}
          },
          "404": {
            "description": "The user was not found.",
            "content": {}
          }
        }
      }
    },
    "/api/group": {
      "get": {
        "operationId": "get()",
        "summary": null,
        "description": "Retrieves the details of the specified group.",
        "parameters": [],
        "responses": {
          "200": {
            "description": "Successfully retrieved the group information.",
            "content": {}
          }
        }
      },
      "put": {
        "operationId": "modify(Group changes)",
        "summary": null,
        "description": "Modifies the details of the specified group.",
        "parameters": [
          {
            "name": "name",
            "in": "body",
            "required": true,
            "schema": {
              "type": "string",
              "description": "The name of the group.",
              "format": null,
              "minLength": 1,
              "maxLength": 255
            }
          },
          {
            "name": "description",
            "in": "body",
            "required": true,
            "schema": {
              "type": "string",
              "description": "A description of the group.",
              "format": null,
              "minLength": 0,
              "maxLength": 500
            }
          },
          {
            "name": "owner",
            "in": "body",
            "required": true,
            "schema": {
              "type": "User",
              "description": "The owner of the group.",
              "format": null
            }
          }
        ],
        "responses": {
          "204": {
            "description": "No Content - The group was modified successfully, and there is no additional content to send in the response.",
            "content": {}
          },
          "303": {
            "description": "See Other - The group was modified successfully, and the response contains a redirect to the modified group's URI.",
            "content": {}
          },
          "400": {
            "description": "Bad Request - The request could not be understood or was missing required parameters.",
            "content": {}
          },
          "403": {
            "description": "Forbidden - The user does not have permission to modify the group.",
            "content": {}
          },
          "404": {
            "description": "Not Found - The specified group was not found.",
            "content": {}
          }
        }
      },
      "delete": {
        "operationId": "delete()",
        "summary": null,
        "description": "Deletes the specified group.",
        "parameters": [],
        "responses": {
          "204": {
            "description": "No Content - The group was successfully deleted.",
            "content": {}
          },
          "403": {
            "description": "Forbidden - The user does not have rights to delete the group.",
            "content": {}
          },
          "404": {
            "description": "Not Found - The specified group was not found.",
            "content": {}
          }
        }
      }
    },
    "/api/group/members": {
      "get": {
        "operationId": "members()",
        "summary": null,
        "description": "Retrieves the members of the specified group.",
        "parameters": [],
        "responses": {
          "200": {
            "description": "Returns the members of the group.",
            "content": {}
          },
          "403": {
            "description": "Forbidden - User does not have rights to see members of the group.",
            "content": {}
          },
          "404": {
            "description": "Not Found - The group was not found.",
            "content": {}
          }
        }
      }
    },
    "/api/group/activities": {
      "get": {
        "operationId": "activities()",
        "summary": null,
        "description": "Retrieves the activities of the specified group.",
        "parameters": [],
        "responses": {
          "200": {
            "description": "Successful retrieval of activities for the group.",
            "content": {}
          },
          "403": {
            "description": "Forbidden access to activities of the group due to insufficient rights.",
            "content": {}
          },
          "404": {
            "description": "The group was not found.",
            "content": {}
          }
        }
      }
    },
    "/api/groups": {
      "get": {
        "operationId": "get()",
        "summary": null,
        "description": "Retrieves groups based on the user's context or search query.",
        "parameters": [],
        "responses": {
          "200": {
            "description": "Successful retrieval of groups.",
            "content": {}
          },
          "400": {
            "description": "Bad Request due to invalid search query.",
            "content": {}
          },
          "404": {
            "description": "No groups found.",
            "content": {}
          }
        }
      },
      "post": {
        "operationId": "createGroup()",
        "summary": null,
        "description": "Creates a new group based on the provided group data.",
        "parameters": [
          {
            "name": "name",
            "in": "body",
            "required": true,
            "schema": {
              "type": "string",
              "description": "The name of the group.",
              "format": null,
              "minLength": 1,
              "maxLength": 255
            }
          },
          {
            "name": "description",
            "in": "body",
            "required": true,
            "schema": {
              "type": "string",
              "description": "A description of the group.",
              "format": null,
              "minLength": 0,
              "maxLength": 500
            }
          },
          {
            "name": "owner",
            "in": "body",
            "required": true,
            "schema": {
              "type": "User",
              "description": "The owner of the group.",
              "format": null
            }
          }
        ],
        "responses": {
          "201": {
            "description": "Group created successfully.",
            "content": {}
          },
          "400": {
            "description": "Bad request due to validation errors.",
            "content": {}
          },
          "409": {
            "description": "Conflict, the group already exists.",
            "content": {}
          }
        }
      }
    },
    "/api/groups/{group}": {
      "get": {
        "operationId": "group()",
        "summary": null,
        "description": "Retrieves a specific group by its name, checking user rights.",
        "parameters": [
          {
            "name": "group",
            "in": "path",
            "required": true,
            "schema": {
              "type": "string",
              "description": "The name of the group to retrieve.",
              "format": "",
              "minLength": 1,
              "maxLength": 255,
              "enum": [
                "[]"
              ]
            }
          }
        ],
        "responses": {
          "200": {
            "description": "Successfully retrieved the group information.",
            "content": {}
          },
          "404": {
            "description": "The group was not found.",
            "content": {}
          },
          "400": {
            "description": "Bad request due to invalid parameters.",
            "content": {}
          }
        }
      }
    },
    "/schemas": {
      "get": {
        "operationId": "get()",
        "summary": null,
        "description": "Retrieves a list of available JSON schemas.",
        "parameters": [],
        "responses": {
          "200": {
            "description": "Successful retrieval of schemas.",
            "content": {}
          },
          "400": {
            "description": "Bad Request due to invalid URI syntax.",
            "content": {}
          },
          "404": {
            "description": "Resource Not Found when the schema is not found.",
            "content": {}
          }
        }
      }
    },
    "/schemas/{schema}": {
      "get": {
        "operationId": "get(String schema)",
        "summary": null,
        "description": "Retrieves a specific JSON schema by its URI.",
        "parameters": [
          {
            "name": "schema",
            "in": "path",
            "required": true,
            "schema": {
              "type": "string",
              "description": "The URI of the schema to be retrieved.",
              "format": null,
              "enum": [
                "[]"
              ]
            }
          }
        ],
        "responses": {
          "200": {
            "description": "Returns the JSON schema for the specified schema.",
            "content": {}
          },
          "400": {
            "description": "Bad Request - The URI syntax is incorrect.",
            "content": {}
          },
          "404": {
            "description": "Not Found - The requested schema was not found.",
            "content": {}
          }
        }
      }
    },
    "/sensor": {
      "get": {
        "operationId": "get()",
        "summary": null,
        "description": "Retrieves the measurement associated with this resource.",
        "parameters": [],
        "responses": {
          "200": {
            "description": "Returns the sensor information associated with the track.",
            "content": {}
          },
          "403": {
            "description": "Forbidden - User does not have permission to view the sensor information.",
            "content": {}
          },
          "404": {
            "description": "Not Found - The requested sensor does not exist.",
            "content": {}
          },
          "500": {
            "description": "Internal Server Error - An unexpected error occurred.",
            "content": {}
          }
        }
      }
    },
    "/": {
      "delete": {
        "operationId": "delete()",
        "summary": null,
        "description": "Deletes the measurement associated with this resource.",
        "parameters": [],
        "responses": {
          "204": {
            "description": "No Content - The measurement was successfully deleted.",
            "content": {}
          },
          "403": {
            "description": "Forbidden - The user does not have rights to delete the measurement.",
            "content": {}
          },
          "404": {
            "description": "Not Found - The specified measurement could not be found.",
            "content": {}
          },
          "500": {
            "description": "Internal Server Error - An unexpected error occurred while trying to delete the measurement.",
            "content": {}
          }
        }
      },
      "get": {
        "operationId": "get()",
        "summary": null,
        "description": "Returns the root resource containing links to various resources based on user rights and counts of different entities.",
        "parameters": [],
        "responses": {
          "200": {
            "description": "Successfully returns the share image in PNG format.",
            "content": {}
          },
          "500": {
            "description": "Internal server error occurred while processing the request.",
            "content": {}
          }
        }
      }
    },
    "/measurements": {
      "get": {
        "operationId": "get()",
        "summary": null,
        "description": "Retrieves measurements based on optional spatial filters (bounding box or near point) and pagination.",
        "parameters": [
          {
            "name": "minx",
            "in": null,
            "required": true,
            "schema": {
              "type": "double",
              "description": "Minimum x-coordinate of the bounding box.",
              "format": null,
              "minimum": -1,
              "maximum": 180.0
            }
          },
          {
            "name": "miny",
            "in": null,
            "required": true,
            "schema": {
              "type": "double",
              "description": "Minimum y-coordinate of the bounding box.",
              "format": null,
              "minimum": -1,
              "maximum": 90.0
            }
          },
          {
            "name": "maxx",
            "in": null,
            "required": true,
            "schema": {
              "type": "double",
              "description": "Maximum x-coordinate of the bounding box.",
              "format": null,
              "minimum": -1,
              "maximum": 180.0
            }
          },
          {
            "name": "maxy",
            "in": null,
            "required": true,
            "schema": {
              "type": "double",
              "description": "Maximum y-coordinate of the bounding box.",
              "format": null,
              "minimum": -1,
              "maximum": 90.0
            }
          },
          {
            "name": "point",
            "in": null,
            "required": true,
            "schema": {
              "type": "Point",
              "description": "Coordinates of the point.",
              "format": null
            }
          },
          {
            "name": "distance",
            "in": null,
            "required": true,
            "schema": {
              "type": "double",
              "description": "Distance from the point.",
              "format": null,
              "minimum": 0.0
            }
          },
          {
            "name": "minx",
            "in": null,
            "required": true,
            "schema": {
              "type": "double",
              "description": "Minimum x-coordinate of the bounding box.",
              "format": null,
              "minimum": -1,
              "maximum": 180.0
            }
          },
          {
            "name": "miny",
            "in": null,
            "required": true,
            "schema": {
              "type": "double",
              "description": "Minimum y-coordinate of the bounding box.",
              "format": null,
              "minimum": -1,
              "maximum": 90.0
            }
          },
          {
            "name": "maxx",
            "in": null,
            "required": true,
            "schema": {
              "type": "double",
              "description": "Maximum x-coordinate of the bounding box.",
              "format": null,
              "minimum": -1,
              "maximum": 180.0
            }
          },
          {
            "name": "maxy",
            "in": null,
            "required": true,
            "schema": {
              "type": "double",
              "description": "Maximum y-coordinate of the bounding box.",
              "format": null,
              "minimum": -1,
              "maximum": 90.0
            }
          },
          {
            "name": "point",
            "in": null,
            "required": true,
            "schema": {
              "type": "Point",
              "description": "Coordinates of the point.",
              "format": null
            }
          },
          {
            "name": "distance",
            "in": null,
            "required": true,
            "schema": {
              "type": "double",
              "description": "Distance from the point.",
              "format": null,
              "minimum": 0.0
            }
          },
          {
            "name": "minx",
            "in": null,
            "required": true,
            "schema": {
              "type": "double",
              "description": "Minimum x-coordinate of the bounding box.",
              "format": null,
              "minimum": -1,
              "maximum": 180.0
            }
          },
          {
            "name": "miny",
            "in": null,
            "required": true,
            "schema": {
              "type": "double",
              "description": "Minimum y-coordinate of the bounding box.",
              "format": null,
              "minimum": -1,
              "maximum": 90.0
            }
          },
          {
            "name": "maxx",
            "in": null,
            "required": true,
            "schema": {
              "type": "double",
              "description": "Maximum x-coordinate of the bounding box.",
              "format": null,
              "minimum": -1,
              "maximum": 180.0
            }
          },
          {
            "name": "maxy",
            "in": null,
            "required": true,
            "schema": {
              "type": "double",
              "description": "Maximum y-coordinate of the bounding box.",
              "format": null,
              "minimum": -1,
              "maximum": 90.0
            }
          },
          {
            "name": "point",
            "in": null,
            "required": true,
            "schema": {
              "type": "Point",
              "description": "Coordinates of the point.",
              "format": null
            }
          },
          {
            "name": "distance",
            "in": null,
            "required": true,
            "schema": {
              "type": "double",
              "description": "Distance from the point.",
              "format": null,
              "minimum": 0.0
            }
          }
        ],
        "responses": {
          "200": {
            "description": "Successful retrieval of measurements.",
            "content": {}
          },
          "400": {
            "description": "Bad Request - Invalid parameters provided.",
            "content": {}
          },
          "500": {
            "description": "Internal Server Error: An unexpected error occurred.",
            "content": {}
          },
          "403": {
            "description": "Forbidden: User does not have rights to see measurements.",
            "content": {}
          },
          "404": {
            "description": "Not Found: The specified track does not exist.",
            "content": {}
          }
        }
      },
      "post": {
        "operationId": "create()",
        "summary": null,
        "description": "Creates a new measurement associated with a track or a user.",
        "parameters": [
          {
            "name": "geometry",
            "in": null,
            "required": true,
            "schema": {
              "type": "Geometry",
              "description": "The geometry of the measurement.",
              "format": null
            }
          },
          {
            "name": "identifier",
            "in": null,
            "required": true,
            "schema": {
              "type": "string",
              "description": "Unique identifier for the measurement.",
              "format": null,
              "minLength": 1,
              "maxLength": 255
            }
          },
          {
            "name": "time",
            "in": null,
            "required": true,
            "schema": {
              "type": "DateTime",
              "description": "The time when the measurement was taken.",
              "format": "yyyy-MM-dd'T'HH:mm:ss.SSSZ"
            }
          },
          {
            "name": "values",
            "in": null,
            "required": true,
            "schema": {
              "type": "MeasurementValues",
              "description": "The values associated with the measurement.",
              "format": null
            }
          },
          {
            "name": "user",
            "in": null,
            "required": true,
            "schema": {
              "type": "User",
              "description": "The user associated with the measurement.",
              "format": null
            }
          },
          {
            "name": "sensor",
            "in": null,
            "required": true,
            "schema": {
              "type": "Sensor",
              "description": "The sensor associated with the measurement.",
              "format": null
            }
          },
          {
            "name": "track",
            "in": null,
            "required": true,
            "schema": {
              "type": "Track",
              "description": "The track associated with the measurement.",
              "format": null
            }
          }
        ],
        "responses": {
          "201": {
            "description": "Measurement created successfully.",
            "content": {}
          },
          "400": {
            "description": "Bad Request - Validation error.",
            "content": {}
          },
          "403": {
            "description": "Forbidden - User does not have permission to modify the track.",
            "content": {}
          }
        }
      }
    },
    "/measurements/{measurement}": {
      "get": {
        "operationId": "measurement()",
        "summary": null,
        "description": "Retrieves a specific measurement by its identifier.",
        "parameters": [
          {
            "name": "measurement",
            "in": "path",
            "required": true,
            "schema": {
              "type": "string",
              "description": "The identifier of the measurement to retrieve.",
              "format": null,
              "enum": [
                "[]"
              ]
            }
          }
        ],
        "responses": {
          "200": {
            "description": "Successfully retrieved the measurement.",
            "content": {}
          },
          "404": {
            "description": "The measurement was not found.",
            "content": {}
          },
          "403": {
            "description": "Access denied to the measurement.",
            "content": {}
          }
        }
      }
    },
    "/phenomenon": {
      "get": {
        "operationId": "getPhenomenon()",
        "summary": null,
        "description": "Retrieves the phenomenon associated with this resource.",
        "parameters": [],
        "responses": {
          "200": {
            "description": "Successful retrieval of the phenomenon.",
            "content": {}
          }
        }
      },
      "post": {
        "operationId": "create(Phenomenon phenomenon)",
        "summary": null,
        "description": "Creates a new phenomenon.",
        "parameters": [
          {
            "name": "name",
            "in": "body",
            "required": true,
            "schema": {
              "type": "string",
              "description": "The name of the phenomenon.",
              "format": null,
              "minLength": 1,
              "maxLength": 255
            }
          },
          {
            "name": "unit",
            "in": "body",
            "required": true,
            "schema": {
              "type": "string",
              "description": "The unit of measurement for the phenomenon.",
              "format": null,
              "minLength": 1,
              "maxLength": 50
            }
          }
        ],
        "responses": {
          "201": {
            "description": "Phenomenon created successfully",
            "content": {}
          },
          "400": {
            "description": "Bad Request",
            "content": {}
          },
          "404": {
            "description": "Phenomenon Not Found",
            "content": {}
          }
        }
      }
    },
    "/phenomenon/statistic": {
      "get": {
        "operationId": "getStatistic()",
        "summary": null,
        "description": "Retrieves statistics for the associated phenomenon if the user has the right to see them.",
        "parameters": [],
        "responses": {
          "200": {
            "description": "Returns the statistics of the specified phenomenon.",
            "content": {}
          },
          "403": {
            "description": "Forbidden - User does not have rights to see statistics of the phenomenon.",
            "content": {}
          },
          "404": {
            "description": "Not Found - The specified phenomenon does not exist.",
            "content": {}
          },
          "500": {
            "description": "Internal Server Error - An unexpected error occurred.",
            "content": {}
          }
        }
      }
    },
    "/phenomenons": {
      "get": {
        "operationId": "get()",
        "summary": null,
        "description": "Retrieves a list of phenomena with pagination.",
        "parameters": [],
        "responses": {
          "200": {
            "description": "Successful retrieval of phenomenons.",
            "content": {}
          },
          "400": {
            "description": "Bad request due to invalid parameters.",
            "content": {}
          },
          "404": {
            "description": "Phenomenon not found.",
            "content": {}
          },
          "403": {
            "description": "Forbidden: User does not have rights to see phenomenons.",
            "content": {}
          },
          "500": {
            "description": "Internal Server Error: An unexpected error occurred.",
            "content": {}
          }
        }
      }
    },
    "/phenomenon/{phenomenon}": {
      "get": {
        "operationId": "phenomenon(String id)",
        "summary": null,
        "description": "Retrieves a specific phenomenon by its name.",
        "parameters": [
          {
            "name": "phenomenon",
            "in": "path",
            "required": true,
            "schema": {
              "type": "string",
              "description": "The name of the phenomenon to retrieve",
              "format": "",
              "minLength": 1,
              "maxLength": 255,
              "enum": [
                "[]"
              ]
            }
          }
        ],
        "responses": {
          "200": {
            "description": "Successfully retrieved the phenomenon.",
            "content": {}
          },
          "404": {
            "description": "The phenomenon was not found.",
            "content": {}
          },
          "400": {
            "description": "Bad request due to invalid input.",
            "content": {}
          }
        }
      }
    },
    "/privacyStatements": {
      "get": {
        "operationId": "get()",
        "summary": null,
        "description": "Retrieves privacy statements with pagination.",
        "parameters": [],
        "responses": {
          "200": {
            "description": "Successful retrieval of privacy statements.",
            "content": {}
          },
          "400": {
            "description": "Bad request due to invalid parameters.",
            "content": {}
          },
          "404": {
            "description": "Resource not found.",
            "content": {}
          }
        }
      }
    },
    "/privacyStatements/{id}": {
      "get": {
        "operationId": "privacyStatement(String id)",
        "summary": null,
        "description": "Retrieves a specific privacy statement by its ID.",
        "parameters": [
          {
            "name": "id",
            "in": "path",
            "required": true,
            "schema": {
              "type": "string",
              "description": "The unique identifier for the privacy statement.",
              "format": null,
              "enum": [
                "[]"
              ]
            }
          }
        ],
        "responses": {
          "200": {
            "description": "Successfully retrieved the privacy statement.",
            "content": {}
          },
          "404": {
            "description": "The requested privacy statement was not found.",
            "content": {}
          },
          "400": {
            "description": "Bad request due to invalid parameters.",
            "content": {}
          }
        }
      }
    },
    "/users": {
      "get": {
        "operationId": "users()",
        "summary": null,
        "description": "Returns the UsersResource.",
        "parameters": [],
        "responses": {
          "200": {
            "description": "Successful retrieval of users.",
            "content": {}
          },
          "403": {
            "description": "Forbidden access to the users resource.",
            "content": {}
          },
          "500": {
            "description": "Internal server error.",
            "content": {}
          },
          "400": {
            "description": "Bad request due to invalid parameters.",
            "content": {}
          }
        }
      },
      "post": {
        "operationId": "create(User user)",
        "summary": null,
        "description": "Creates a new user.",
        "parameters": [
          {
            "name": "name",
            "in": null,
            "required": true,
            "schema": {
              "type": "string",
              "description": "The name of the user.",
              "format": null,
              "minLength": 1,
              "maxLength": 255
            }
          },
          {
            "name": "mail",
            "in": null,
            "required": true,
            "schema": {
              "type": "string",
              "description": "The email address of the user.",
              "format": null,
              "minLength": 5,
              "maxLength": 255
            }
          },
          {
            "name": "token",
            "in": null,
            "required": true,
            "schema": {
              "type": "string",
              "description": "The authentication token for the user.",
              "format": null,
              "minLength": 1,
              "maxLength": 255
            }
          },
          {
            "name": "country",
            "in": null,
            "required": true,
            "schema": {
              "type": "string",
              "description": "The country of the user.",
              "format": null,
              "minLength": 1,
              "maxLength": 100
            }
          },
          {
            "name": "dayOfBirth",
            "in": null,
            "required": true,
            "schema": {
              "type": "string",
              "description": "The date of birth of the user.",
              "format": "yyyy-mm-dd",
              "minLength": 10,
              "maxLength": 10
            }
          },
          {
            "name": "gender",
            "in": null,
            "required": true,
            "schema": {
              "type": "Gender",
              "description": "The gender of the user.",
              "format": null,
              "enum": [
                "['MALE'",
                " 'FEMALE'",
                " 'OTHER']"
              ]
            }
          },
          {
            "name": "firstName",
            "in": null,
            "required": true,
            "schema": {
              "type": "string",
              "description": "The first name of the user.",
              "format": null,
              "minLength": 1,
              "maxLength": 255
            }
          },
          {
            "name": "lastName",
            "in": null,
            "required": true,
            "schema": {
              "type": "string",
              "description": "The last name of the user.",
              "format": null,
              "minLength": 1,
              "maxLength": 255
            }
          },
          {
            "name": "location",
            "in": null,
            "required": true,
            "schema": {
              "type": "Geometry",
              "description": "The geographical location of the user.",
              "format": null
            }
          },
          {
            "name": "url",
            "in": null,
            "required": true,
            "schema": {
              "type": "string",
              "description": "The URL associated with the user.",
              "format": null,
              "minLength": 1,
              "maxLength": 255
            }
          },
          {
            "name": "aboutMe",
            "in": null,
            "required": true,
            "schema": {
              "type": "string",
              "description": "A brief description about the user.",
              "format": null,
              "minLength": 0,
              "maxLength": 500
            }
          }
        ],
        "responses": {
          "201": {
            "description": "User created successfully.",
            "content": {}
          },
          "400": {
            "description": "Bad request due to validation errors.",
            "content": {}
          },
          "409": {
            "description": "Conflict due to user already exists.",
            "content": {}
          }
        }
      }
    },
    "/groups": {
      "get": {
        "operationId": "groups()",
        "summary": null,
        "description": "Returns the GroupsResource after checking user rights.",
        "parameters": [],
        "responses": {
          "200": {
            "description": "Returns the groups resource if the user has the right to see groups.",
            "content": {}
          },
          "403": {
            "description": "Forbidden: User does not have the right to see groups.",
            "content": {}
          }
        }
      }
    },
    "/tracks": {
      "get": {
        "operationId": "tracks()",
        "summary": null,
        "description": "Returns the TracksResource after checking user rights.",
        "parameters": [
          {
            "name": "minx",
            "in": null,
            "required": true,
            "schema": {
              "type": "double",
              "description": "Minimum x-coordinate of the bounding box",
              "format": null,
              "minimum": -1,
              "maximum": 180.0
            }
          },
          {
            "name": "miny",
            "in": null,
            "required": true,
            "schema": {
              "type": "double",
              "description": "Minimum y-coordinate of the bounding box",
              "format": null,
              "minimum": -1,
              "maximum": 90.0
            }
          },
          {
            "name": "maxx",
            "in": null,
            "required": true,
            "schema": {
              "type": "double",
              "description": "Maximum x-coordinate of the bounding box",
              "format": null,
              "minimum": -1,
              "maximum": 180.0
            }
          },
          {
            "name": "maxy",
            "in": null,
            "required": true,
            "schema": {
              "type": "double",
              "description": "Maximum y-coordinate of the bounding box",
              "format": null,
              "minimum": -1,
              "maximum": 90.0
            }
          },
          {
            "name": "status",
            "in": "query",
            "required": true,
            "schema": {
              "type": "TrackStatus",
              "description": "Status of the track",
              "format": null,
              "default": "FINISHED",
              "enum": [
                "['FINISHED'",
                " 'ONGOING']"
              ]
            }
          },
          {
            "name": "minx",
            "in": null,
            "required": true,
            "schema": {
              "type": "double",
              "description": "Minimum x-coordinate of the bounding box",
              "format": null,
              "minimum": -1,
              "maximum": 180.0
            }
          },
          {
            "name": "miny",
            "in": null,
            "required": true,
            "schema": {
              "type": "double",
              "description": "Minimum y-coordinate of the bounding box",
              "format": null,
              "minimum": -1,
              "maximum": 90.0
            }
          },
          {
            "name": "maxx",
            "in": null,
            "required": true,
            "schema": {
              "type": "double",
              "description": "Maximum x-coordinate of the bounding box",
              "format": null,
              "minimum": -1,
              "maximum": 180.0
            }
          },
          {
            "name": "maxy",
            "in": null,
            "required": true,
            "schema": {
              "type": "double",
              "description": "Maximum y-coordinate of the bounding box",
              "format": null,
              "minimum": -1,
              "maximum": 90.0
            }
          },
          {
            "name": "status",
            "in": "query",
            "required": true,
            "schema": {
              "type": "TrackStatus",
              "description": "Status of the track",
              "format": null,
              "default": "FINISHED",
              "enum": [
                "['FINISHED'",
                " 'ONGOING']"
              ]
            }
          }
        ],
        "responses": {
          "200": {
            "description": "Successful retrieval of tracks",
            "content": {}
          },
          "403": {
            "description": "Forbidden - User does not have permission to access tracks.",
            "content": {}
          },
          "404": {
            "description": "Not Found - No tracks found for the given criteria",
            "content": {}
          },
          "500": {
            "description": "Internal Server Error - An unexpected error occurred.",
            "content": {}
          },
          "400": {
            "description": "Bad Request - Invalid parameters",
            "content": {}
          }
        }
      },
      "post": {
        "operationId": "create()",
        "summary": null,
        "description": "Creates a new track with the provided data.",
        "parameters": [
          {
            "name": "name",
            "in": "body",
            "required": true,
            "schema": {
              "type": "string",
              "description": "The name of the track.",
              "format": null,
              "minLength": 1,
              "maxLength": 128
            }
          },
          {
            "name": "description",
            "in": "body",
            "required": true,
            "schema": {
              "type": "string",
              "description": "A description of the track.",
              "format": null,
              "minLength": 0,
              "maxLength": 256
            }
          },
          {
            "name": "user",
            "in": "body",
            "required": true,
            "schema": {
              "type": "User",
              "description": "The user associated with the track.",
              "format": null
            }
          },
          {
            "name": "measurements",
            "in": "body",
            "required": true,
            "schema": {
              "type": "List<Measurement>",
              "description": "A list of measurements associated with the track.",
              "format": null
            }
          }
        ],
        "responses": {
          "201": {
            "description": "Track created successfully.",
            "content": {}
          },
          "400": {
            "description": "Bad Request - Validation error.",
            "content": {}
          },
          "403": {
            "description": "Forbidden - User does not have rights to create a track.",
            "content": {}
          }
        }
      }
    },
    "/sensors": {
      "get": {
        "operationId": "sensors()",
        "summary": null,
        "description": "Returns the SensorsResource after checking user rights.",
        "parameters": [
          {
            "name": "type",
            "in": "query",
            "required": true,
            "schema": {
              "type": "string",
              "description": "The type of sensor to filter by",
              "format": null,
              "enum": [
                "[]"
              ]
            }
          },
          {
            "name": "type",
            "in": "query",
            "required": true,
            "schema": {
              "type": "string",
              "description": "The type of sensor to filter by",
              "format": null,
              "enum": [
                "[]"
              ]
            }
          }
        ],
        "responses": {
          "200": {
            "description": "Successful retrieval of sensors.",
            "content": {}
          },
          "403": {
            "description": "Forbidden access to sensors data due to insufficient rights.",
            "content": {}
          },
          "404": {
            "description": "Not Found if the requested resource does not exist.",
            "content": {}
          },
          "500": {
            "description": "Internal server error while retrieving sensors data.",
            "content": {}
          },
          "400": {
            "description": "Bad Request due to invalid query parameters.",
            "content": {}
          }
        }
      },
      "post": {
        "operationId": "create(Sensor sensor)",
        "summary": null,
        "description": "Creates a new sensor with the provided sensor data.",
        "parameters": [
          {
            "name": "type",
            "in": "body",
            "required": true,
            "schema": {
              "type": "string",
              "description": "The type of the sensor.",
              "format": null,
              "minLength": 1,
              "maxLength": 255
            }
          },
          {
            "name": "properties",
            "in": "body",
            "required": true,
            "schema": {
              "type": "Map<String, Object>",
              "description": "A map of properties associated with the sensor.",
              "format": null
            }
          },
          {
            "name": "identifier",
            "in": "body",
            "required": true,
            "schema": {
              "type": "string",
              "description": "Unique identifier for the sensor.",
              "format": null,
              "minLength": 1,
              "maxLength": 255
            }
          }
        ],
        "responses": {
          "201": {
            "description": "Sensor created successfully.",
            "content": {}
          },
          "400": {
            "description": "Bad Request - The request was invalid.",
            "content": {}
          }
        }
      }
    },
    "/statistics": {
      "get": {
        "operationId": "statistics()",
        "summary": null,
        "description": "Returns the StatisticsResource after checking user rights.",
        "parameters": [],
        "responses": {
          "200": {
            "description": "Returns the statistics of the track.",
            "content": {}
          },
          "403": {
            "description": "Forbidden: User does not have rights to see statistics.",
            "content": {}
          },
          "404": {
            "description": "Not Found: The specified track does not exist.",
            "content": {}
          },
          "500": {
            "description": "Internal Server Error: An unexpected error occurred.",
            "content": {}
          }
        }
      }
    },
    "/termsOfUse": {
      "get": {
        "operationId": "termsOfUse()",
        "summary": null,
        "description": "Returns the TermsOfUseResource.",
        "parameters": [],
        "responses": {
          "200": {
            "description": "Successfully retrieved the terms of use.",
            "content": {}
          },
          "400": {
            "description": "Bad request due to invalid parameters.",
            "content": {}
          },
          "404": {
            "description": "Resource not found.",
            "content": {}
          }
        }
      }
    },
    "/badges": {
      "get": {
        "operationId": "badges()",
        "summary": null,
        "description": "Returns the BadgesResource after checking user rights.",
        "parameters": [],
        "responses": {
          "200": {
            "description": "Returns a list of badges available to the user.",
            "content": {}
          },
          "403": {
            "description": "Forbidden - User does not have permission to see badges.",
            "content": {}
          },
          "404": {
            "description": "Not Found - The badges resource could not be found.",
            "content": {}
          },
          "500": {
            "description": "Internal Server Error - An unexpected error occurred.",
            "content": {}
          }
        }
      }
    },
    "/resetPassword": {
      "get": {
        "operationId": "resetPassword()",
        "summary": null,
        "description": "Returns the ResetPasswordResource.",
        "parameters": [],
        "responses": {
          "200": {
            "description": "Successful password reset request.",
            "content": {}
          },
          "400": {
            "description": "Bad request due to invalid input.",
            "content": {}
          },
          "404": {
            "description": "User not found for the provided email.",
            "content": {}
          },
          "500": {
            "description": "Internal server error.",
            "content": {}
          }
        }
      }
    },
    "/confirm": {
      "get": {
        "operationId": "confirm()",
        "summary": null,
        "description": "Returns the ConfirmResource.",
        "parameters": [],
        "responses": {
          "200": {
            "description": "Successful confirmation of user action.",
            "content": {}
          },
          "400": {
            "description": "Bad request due to invalid confirmation data.",
            "content": {}
          },
          "404": {
            "description": "Confirmation resource not found.",
            "content": {}
          },
          "500": {
            "description": "Internal server error.",
            "content": {}
          }
        }
      }
    },
    "/rest": {
      "get": {
        "operationId": "redirect()",
        "summary": null,
        "description": "Redirects to the root resource.",
        "parameters": [],
        "responses": {
          "200": {
            "description": "Successful retrieval of the root resource with various accessible endpoints.",
            "content": {}
          }
        }
      }
    },
    "/sensors/{sensor}": {
      "get": {
        "operationId": "sensor(String id)",
        "summary": null,
        "description": "Retrieves a specific sensor by its identifier.",
        "parameters": [
          {
            "name": "sensor",
            "in": "path",
            "required": true,
            "schema": {
              "type": "string",
              "description": "The identifier of the sensor to retrieve.",
              "format": null,
              "enum": [
                "[]"
              ]
            }
          }
        ],
        "responses": {
          "200": {
            "description": "Successful retrieval of the sensor data.",
            "content": {}
          },
          "404": {
            "description": "The sensor was not found.",
            "content": {}
          }
        }
      }
    },
    "/{locale}": {
      "get": {
        "operationId": "getLocalizedShareImage(String locale)",
        "summary": null,
        "description": "Retrieves a localized share image for the specified locale.",
        "parameters": [
          {
            "name": "locale",
            "in": "path",
            "required": true,
            "schema": {
              "type": "string",
              "description": "The locale for localization of the share image.",
              "format": "",
              "minLength": 2,
              "maxLength": 5,
              "default": "EN",
              "enum": [
                "['en'",
                " 'de']"
              ]
            }
          }
        ],
        "responses": {
          "200": {
            "description": "Returns a PNG image representing the shared data for the specified locale.",
            "content": {}
          },
          "500": {
            "description": "Internal server error if an IOException occurs during image processing.",
            "content": {}
          }
        }
      }
    },
    "/{phen}": {
      "get": {
        "operationId": "statistics(String phenomenon)",
        "summary": null,
        "description": "Returns a specific statistic resource for the given phenomenon.",
        "parameters": [
          {
            "name": "phenomenon",
            "in": "path",
            "required": true,
            "schema": {
              "type": "string",
              "description": "The name of the phenomenon to retrieve statistics for.",
              "format": null,
              "enum": [
                "[]"
              ]
            }
          }
        ],
        "responses": {
          "200": {
            "description": "Successful retrieval of statistics for the specified phenomenon.",
            "content": {}
          },
          "404": {
            "description": "The phenomenon was not found.",
            "content": {}
          }
        }
      }
    },
    "/termsOfUse/{id}": {
      "get": {
        "operationId": "termsOfUseInstance(String id)",
        "summary": null,
        "description": "Retrieves a specific instance of the terms of use by its ID.",
        "parameters": [
          {
            "name": "id",
            "in": "path",
            "required": true,
            "schema": {
              "type": "string",
              "description": "The unique identifier for the Terms of Use instance.",
              "format": "",
              "minLength": 1,
              "maxLength": 255,
              "enum": [
                "[]"
              ]
            }
          }
        ],
        "responses": {
          "200": {
            "description": "Successful retrieval of the terms of use instance.",
            "content": {}
          },
          "404": {
            "description": "The requested terms of use instance was not found.",
            "content": {}
          },
          "400": {
            "description": "Bad request due to invalid parameters.",
            "content": {}
          }
        }
      }
    },
    "/share": {
      "get": {
        "operationId": "share()",
        "summary": null,
        "description": "Returns the share resource for the track.",
        "parameters": [],
        "responses": {
          "200": {
            "description": "Successful retrieval of the share resource.",
            "content": {}
          },
          "403": {
            "description": "Forbidden: User does not have permission to access the share resource.",
            "content": {}
          },
          "404": {
            "description": "Not Found: The specified track does not exist.",
            "content": {}
          },
          "500": {
            "description": "Internal Server Error: An unexpected error occurred.",
            "content": {}
          }
        }
      }
    },
    "/preview": {
      "get": {
        "operationId": "preview()",
        "summary": null,
        "description": "Returns the preview resource for the track.",
        "parameters": [],
        "responses": {
          "200": {
            "description": "Returns the track information.",
            "content": {}
          }
        }
      }
    },
    "": {
      "get": {
        "operationId": "get()",
        "summary": null,
        "description": "Returns the track details.",
        "parameters": [],
        "responses": {
          "200": {
            "description": "Successful retrieval of the track information.",
            "content": {}
          },
          "403": {
            "description": "Forbidden: User does not have the rights to see this track's information.",
            "content": {}
          },
          "404": {
            "description": "Not Found: The specified track does not exist.",
            "content": {}
          }
        }
      },
      "put": {
        "operationId": "modify(Track changes)",
        "summary": null,
        "description": "Modifies the track with the provided changes.",
        "parameters": [
          {
            "name": "name",
            "in": null,
            "required": true,
            "schema": {
              "type": "string",
              "description": "The name of the track.",
              "format": null,
              "minLength": 1,
              "maxLength": 255
            }
          },
          {
            "name": "description",
            "in": null,
            "required": true,
            "schema": {
              "type": "string",
              "description": "A description of the track.",
              "format": null,
              "minLength": 0,
              "maxLength": 500
            }
          },
          {
            "name": "identifier",
            "in": null,
            "required": true,
            "schema": {
              "type": "string",
              "description": "Unique identifier for the track.",
              "format": null,
              "minLength": 1,
              "maxLength": 50
            }
          },
          {
            "name": "boundingBox",
            "in": null,
            "required": true,
            "schema": {
              "type": "Geometry",
              "description": "Geographical bounding box of the track.",
              "format": null
            }
          },
          {
            "name": "user",
            "in": null,
            "required": true,
            "schema": {
              "type": "User",
              "description": "User associated with the track.",
              "format": null
            }
          },
          {
            "name": "sensor",
            "in": null,
            "required": true,
            "schema": {
              "type": "Sensor",
              "description": "Sensor associated with the track.",
              "format": null
            }
          },
          {
            "name": "length",
            "in": null,
            "required": true,
            "schema": {
              "type": "double",
              "description": "Length of the track in meters.",
              "format": null,
              "minimum": 0.0
            }
          },
          {
            "name": "status",
            "in": null,
            "required": true,
            "schema": {
              "type": "TrackStatus",
              "description": "Current status of the track.",
              "format": null,
              "enum": [
                "['FINISHED'",
                " 'ONGOING']"
              ]
            }
          },
          {
            "name": "measurementProfile",
            "in": null,
            "required": true,
            "schema": {
              "type": "string",
              "description": "Profile for measurements taken during the track.",
              "format": null,
              "minLength": 0,
              "maxLength": 100
            }
          }
        ],
        "responses": {
          "200": {
            "description": "Track modified successfully.",
            "content": {}
          },
          "400": {
            "description": "Invalid modification request.",
            "content": {}
          },
          "403": {
            "description": "User does not have permission to modify the track.",
            "content": {}
          },
          "404": {
            "description": "Track not found.",
            "content": {}
          },
          "500": {
            "description": "Internal server error.",
            "content": {}
          }
        }
      },
      "delete": {
        "operationId": "delete()",
        "summary": null,
        "description": "Deletes the track.",
        "parameters": [],
        "responses": {
          "204": {
            "description": "No Content - The track has been successfully deleted.",
            "content": {}
          },
          "403": {
            "description": "Forbidden - The user does not have permission to delete the track.",
            "content": {}
          },
          "404": {
            "description": "Not Found - The specified track does not exist.",
            "content": {}
          },
          "500": {
            "description": "Internal Server Error - An unexpected error occurred while trying to delete the track.",
            "content": {}
          }
        }
      }
    },
    "/tracks/{track}": {
      "get": {
        "operationId": "track()",
        "summary": null,
        "description": "Retrieves a specific track by its identifier.",
        "parameters": [
          {
            "name": "track",
            "in": "path",
            "required": true,
            "schema": {
              "type": "string",
              "description": "The identifier of the track to retrieve.",
              "format": null,
              "minLength": 1,
              "maxLength": 255
            }
          }
        ],
        "responses": {
          "200": {
            "description": "Returns the track resource if found.",
            "content": {}
          },
          "404": {
            "description": "The track was not found.",
            "content": {}
          }
        }
      }
    },
    "/api/user": {
      "get": {
        "operationId": "get()",
        "summary": null,
        "description": "Retrieves the user information.",
        "parameters": [],
        "responses": {
          "200": {
            "description": "Returns the user information.",
            "content": {}
          }
        }
      },
      "put": {
        "operationId": "modify(User changes)",
        "summary": null,
        "description": "Modifies the user information with the provided changes.",
        "parameters": [
          {
            "name": "name",
            "in": null,
            "required": true,
            "schema": {
              "type": "string",
              "description": "The name of the user.",
              "format": null,
              "minLength": 1,
              "maxLength": 255
            }
          },
          {
            "name": "mail",
            "in": null,
            "required": true,
            "schema": {
              "type": "string",
              "description": "The email address of the user.",
              "format": null,
              "minLength": 5,
              "maxLength": 255
            }
          },
          {
            "name": "token",
            "in": null,
            "required": true,
            "schema": {
              "type": "string",
              "description": "The authentication token of the user.",
              "format": null,
              "minLength": 1,
              "maxLength": 255
            }
          },
          {
            "name": "country",
            "in": null,
            "required": true,
            "schema": {
              "type": "string",
              "description": "The country of the user.",
              "format": null,
              "minLength": 1,
              "maxLength": 100
            }
          },
          {
            "name": "dayOfBirth",
            "in": null,
            "required": true,
            "schema": {
              "type": "string",
              "description": "The date of birth of the user.",
              "format": "yyyy-mm-dd",
              "minLength": 10,
              "maxLength": 10
            }
          },
          {
            "name": "firstName",
            "in": null,
            "required": true,
            "schema": {
              "type": "string",
              "description": "The first name of the user.",
              "format": null,
              "minLength": 1,
              "maxLength": 255
            }
          },
          {
            "name": "lastName",
            "in": null,
            "required": true,
            "schema": {
              "type": "string",
              "description": "The last name of the user.",
              "format": null,
              "minLength": 1,
              "maxLength": 255
            }
          },
          {
            "name": "gender",
            "in": null,
            "required": true,
            "schema": {
              "type": "Gender",
              "description": "The gender of the user.",
              "format": null,
              "enum": [
                "['MALE'",
                " 'FEMALE'",
                " 'OTHER']"
              ]
            }
          },
          {
            "name": "language",
            "in": null,
            "required": true,
            "schema": {
              "type": "string",
              "description": "The preferred language of the user.",
              "format": null,
              "minLength": 1,
              "maxLength": 50
            }
          },
          {
            "name": "aboutMe",
            "in": null,
            "required": true,
            "schema": {
              "type": "string",
              "description": "A brief description about the user.",
              "format": null,
              "minLength": 0,
              "maxLength": 500
            }
          }
        ],
        "responses": {
          "204": {
            "description": "No Content - The user was modified successfully, and there is no additional content to return.",
            "content": {}
          },
          "303": {
            "description": "See Other - The user was modified, and the response contains a redirect to the modified user's resource.",
            "content": {}
          },
          "404": {
            "description": "User Not Found - The specified user could not be found.",
            "content": {}
          },
          "400": {
            "description": "Bad Request - The modification request was invalid.",
            "content": {}
          },
          "409": {
            "description": "Conflict - The modification could not be completed due to a conflict, such as a resource already existing.",
            "content": {}
          },
          "403": {
            "description": "Forbidden - The user does not have the rights to modify the specified user.",
            "content": {}
          }
        }
      },
      "delete": {
        "operationId": "delete(boolean deleteContent)",
        "summary": null,
        "description": "Deletes the user account, optionally deleting associated content.",
        "parameters": [
          {
            "name": "deleteContent",
            "in": "query",
            "required": true,
            "schema": {
              "type": "boolean",
              "description": "Indicates whether to delete the user's content along with the user account.",
              "format": null,
              "default": "0"
            }
          }
        ],
        "responses": {
          "204": {
            "description": "No Content - The user was successfully deleted, and there is no content to return.",
            "content": {}
          },
          "403": {
            "description": "Forbidden - The user does not have the rights to delete the specified user.",
            "content": {}
          },
          "404": {
            "description": "Not Found - The user to be deleted was not found.",
            "content": {}
          }
        }
      }
    },
    "/api/user/friends": {
      "get": {
        "operationId": "friends()",
        "summary": null,
        "description": "Retrieves the friends of the user.",
        "parameters": [],
        "responses": {
          "200": {
            "description": "Returns the friends of the user.",
            "content": {}
          },
          "403": {
            "description": "User does not have permission to see friends.",
            "content": {}
          },
          "404": {
            "description": "User not found.",
            "content": {}
          },
          "500": {
            "description": "Internal server error.",
            "content": {}
          }
        }
      }
    },
    "/api/user/groups": {
      "get": {
        "operationId": "groups()",
        "summary": null,
        "description": "Retrieves the groups of the user.",
        "parameters": [],
        "responses": {
          "200": {
            "description": "Successfully retrieved the groups associated with the user.",
            "content": {}
          },
          "403": {
            "description": "User does not have permission to view groups.",
            "content": {}
          },
          "404": {
            "description": "User not found.",
            "content": {}
          },
          "500": {
            "description": "Internal server error.",
            "content": {}
          }
        }
      }
    },
    "/api/user/tracks": {
      "get": {
        "operationId": "tracks()",
        "summary": null,
        "description": "Retrieves the tracks of the user.",
        "parameters": [],
        "responses": {
          "200": {
            "description": "Returns the user's tracks.",
            "content": {}
          },
          "403": {
            "description": "User does not have permission to see tracks.",
            "content": {}
          },
          "404": {
            "description": "User not found.",
            "content": {}
          },
          "500": {
            "description": "Internal server error.",
            "content": {}
          }
        }
      }
    },
    "/api/user/measurements": {
      "get": {
        "operationId": "measurements()",
        "summary": null,
        "description": "Retrieves the measurements of the user.",
        "parameters": [],
        "responses": {
          "200": {
            "description": "Returns the measurements associated with the user.",
            "content": {}
          },
          "403": {
            "description": "User does not have the rights to see measurements.",
            "content": {}
          },
          "404": {
            "description": "User not found.",
            "content": {}
          },
          "500": {
            "description": "Internal server error.",
            "content": {}
          }
        }
      }
    },
    "/api/user/statistics": {
      "get": {
        "operationId": "statistics()",
        "summary": null,
        "description": "Retrieves the statistics of the user.",
        "parameters": [],
        "responses": {
          "200": {
            "description": "Returns the user object representing the current user.",
            "content": {}
          }
        }
      }
    },
    "/api/user/userStatistic": {
      "get": {
        "operationId": "userStatistic()",
        "summary": null,
        "description": "Retrieves the user statistics.",
        "parameters": [],
        "responses": {
          "200": {
            "description": "Returns the user information.",
            "content": {}
          }
        }
      }
    },
    "/api/user/activities": {
      "get": {
        "operationId": "activities()",
        "summary": null,
        "description": "Retrieves the activities of the user.",
        "parameters": [],
        "responses": {
          "200": {
            "description": "Returns the activities of the user.",
            "content": {}
          },
          "403": {
            "description": "User does not have rights to see activities.",
            "content": {}
          },
          "404": {
            "description": "User not found.",
            "content": {}
          },
          "500": {
            "description": "Internal server error.",
            "content": {}
          }
        }
      }
    },
    "/api/user/friendActivities": {
      "get": {
        "operationId": "friendActivities()",
        "summary": null,
        "description": "Retrieves the activities of the user's friends.",
        "parameters": [],
        "responses": {
          "200": {
            "description": "Successfully retrieved friend activities.",
            "content": {}
          },
          "403": {
            "description": "User does not have permission to see friend activities.",
            "content": {}
          },
          "404": {
            "description": "User not found.",
            "content": {}
          },
          "500": {
            "description": "Internal server error.",
            "content": {}
          }
        }
      }
    },
    "/api/user/avatar": {
      "get": {
        "operationId": "avatar()",
        "summary": null,
        "description": "Retrieves the avatar of the user.",
        "parameters": [],
        "responses": {
          "200": {
            "description": "Successful retrieval of user avatar.",
            "content": {}
          }
        }
      }
    },
    "/api/user/fuelings": {
      "get": {
        "operationId": "fuelings()",
        "summary": null,
        "description": "Retrieves the fuelings of the user.",
        "parameters": [],
        "responses": {
          "200": {
            "description": "Successful retrieval of fuelings for the user.",
            "content": {}
          },
          "403": {
            "description": "User does not have permission to see fuelings.",
            "content": {}
          },
          "404": {
            "description": "No fuelings found for the user.",
            "content": {}
          },
          "500": {
            "description": "Internal server error.",
            "content": {}
          }
        }
      }
    },
    "/api/user/sensors": {
      "get": {
        "operationId": "sensors()",
        "summary": null,
        "description": "Retrieves the sensors associated with the user.",
        "parameters": [],
        "responses": {
          "200": {
            "description": "Successful retrieval of sensors associated with the user.",
            "content": {}
          },
          "403": {
            "description": "User does not have permission to view sensors.",
            "content": {}
          },
          "404": {
            "description": "User not found.",
            "content": {}
          },
          "500": {
            "description": "Internal server error.",
            "content": {}
          }
        }
      }
    },
    "/users/{username}": {
      "get": {
        "operationId": "user(String username)",
        "summary": null,
        "description": "Retrieves a specific user by username.",
        "parameters": [
          {
            "name": "username",
            "in": "path",
            "required": true,
            "schema": {
              "type": "string",
              "description": "The username of the user to retrieve.",
              "format": "",
              "minLength": 1,
              "maxLength": 255,
              "enum": [
                "[]"
              ]
            }
          }
        ],
        "responses": {
          "200": {
            "description": "Successful retrieval of user information.",
            "content": {}
          },
          "404": {
            "description": "User not found.",
            "content": {}
          },
          "400": {
            "description": "Bad request due to invalid input.",
            "content": {}
          }
        }
      }
    }
  }
}