{
  "openapi": "3.1.1",
  "info": {
    "title": "API Specification",
    "version": "1.0.0"
  },
  "paths": {
    "/products/{productName}/configurations/{configurationName}/features": {
      "get": {
        "operationId": "getConfigurationActivedFeatures()",
        "summary": null,
        "description": "Retrieves the list of active features for a given product configuration.",
        "parameters": [
          {
            "name": "productName",
            "in": "path",
            "required": true,
            "schema": {
              "type": "string",
              "description": "The name of the product for which active features are being retrieved.",
              "format": null,
              "minLength": 1,
              "maxLength": 255
            }
          },
          {
            "name": "configurationName",
            "in": "path",
            "required": true,
            "schema": {
              "type": "string",
              "description": "The name of the configuration for which active features are being retrieved.",
              "format": null,
              "minLength": 1,
              "maxLength": 255
            }
          },
          {
            "name": "productName",
            "in": "path",
            "required": true,
            "schema": {
              "type": "string",
              "description": "The name of the product for which configurations are being requested.",
              "format": "",
              "minLength": 1,
              "maxLength": 128,
              "enum": [
                "[]"
              ]
            }
          },
          {
            "name": "configurationName",
            "in": "path",
            "required": true,
            "schema": {
              "type": "string",
              "description": "The name of the configuration for which active features are being requested.",
              "format": "",
              "minLength": 1,
              "maxLength": 128,
              "enum": [
                "[]"
              ]
            }
          },
          {
            "name": "productName",
            "in": "path",
            "required": true,
            "schema": {
              "type": "string",
              "description": "The name of the product for which active features are being retrieved.",
              "format": null,
              "minLength": 1,
              "maxLength": 255
            }
          },
          {
            "name": "configurationName",
            "in": "path",
            "required": true,
            "schema": {
              "type": "string",
              "description": "The name of the configuration for which active features are being retrieved.",
              "format": null,
              "minLength": 1,
              "maxLength": 255
            }
          },
          {
            "name": "productName",
            "in": "path",
            "required": true,
            "schema": {
              "type": "string",
              "description": "The name of the product for which configurations are being requested.",
              "format": "",
              "minLength": 1,
              "maxLength": 128,
              "enum": [
                "[]"
              ]
            }
          },
          {
            "name": "configurationName",
            "in": "path",
            "required": true,
            "schema": {
              "type": "string",
              "description": "The name of the configuration for which active features are being requested.",
              "format": "",
              "minLength": 1,
              "maxLength": 128,
              "enum": [
                "[]"
              ]
            }
          }
        ],
        "responses": {
          "200": {
            "description": "Returns the active features for the specified product configuration.",
            "content": {}
          },
          "404": {
            "description": "If the specified product or configuration does not exist, an ObjectNotFoundException may be thrown.",
            "content": {}
          }
        }
      }
    },
    "/products/{productName}/configurations/{configurationName}/features/{featureName}": {
      "post": {
        "operationId": "addFeatureToConfiguration()",
        "summary": null,
        "description": "Adds a feature to a specified product configuration.",
        "parameters": [
          {
            "name": "productName",
            "in": "path",
            "required": true,
            "schema": {
              "type": "string",
              "description": "The name of the product to which the feature will be added.",
              "format": null,
              "minLength": 1,
              "maxLength": 255
            }
          },
          {
            "name": "configurationName",
            "in": "path",
            "required": true,
            "schema": {
              "type": "string",
              "description": "The name of the configuration to which the feature will be added.",
              "format": null,
              "minLength": 1,
              "maxLength": 255
            }
          },
          {
            "name": "featureName",
            "in": "path",
            "required": true,
            "schema": {
              "type": "string",
              "description": "The name of the feature to be added to the configuration.",
              "format": null,
              "minLength": 1,
              "maxLength": 255
            }
          }
        ],
        "responses": {
          "201": {
            "description": "Feature successfully added to the configuration.",
            "content": {}
          },
          "400": {
            "description": "Invalid product configuration due to evaluation errors.",
            "content": {}
          },
          "409": {
            "description": "Feature already exists in the configuration.",
            "content": {}
          }
        }
      },
      "delete": {
        "operationId": "deleteFeature()",
        "summary": null,
        "description": "Removes a feature from a specified product configuration.",
        "parameters": [
          {
            "name": "productName",
            "in": "path",
            "required": true,
            "schema": {
              "type": "string",
              "description": "The name of the product.",
              "format": null,
              "minLength": 1,
              "maxLength": 128
            }
          },
          {
            "name": "configurationName",
            "in": "path",
            "required": true,
            "schema": {
              "type": "string",
              "description": "The name of the configuration.",
              "format": null,
              "minLength": 1,
              "maxLength": 128
            }
          },
          {
            "name": "featureName",
            "in": "path",
            "required": true,
            "schema": {
              "type": "string",
              "description": "The name of the feature to be deleted.",
              "format": null,
              "minLength": 1,
              "maxLength": 128
            }
          }
        ],
        "responses": {
          "204": {
            "description": "No Content - The feature was successfully deleted from the configuration.",
            "content": {}
          },
          "400": {
            "description": "Bad Request - The request could not be understood or was missing required parameters.",
            "content": {}
          },
          "404": {
            "description": "Not Found - The specified product configuration or feature was not found.",
            "content": {}
          }
        }
      }
    },
    "/products/{productName}/configurations": {
      "get": {
        "operationId": "getConfigurationsForProduct()",
        "summary": null,
        "description": "Retrieves a list of configuration names for a specified product.",
        "parameters": [
          {
            "name": "productName",
            "in": "path",
            "required": true,
            "schema": {
              "type": "string",
              "description": "The name of the product for which configurations are being requested.",
              "format": "",
              "minLength": 1,
              "maxLength": 128,
              "enum": [
                "[]"
              ]
            }
          },
          {
            "name": "productName",
            "in": "path",
            "required": true,
            "schema": {
              "type": "string",
              "description": "The name of the product for which configurations are being requested.",
              "format": "",
              "minLength": 1,
              "maxLength": 128,
              "enum": [
                "[]"
              ]
            }
          }
        ],
        "responses": {
          "200": {
            "description": "Returns a list of ProductConfiguration objects associated with the specified product.",
            "content": {}
          },
          "404": {
            "description": "If the specified product does not exist, an ObjectNotFoundException is thrown.",
            "content": {}
          }
        }
      }
    },
    "/products/{productName}/configurations/{configurationName}": {
      "get": {
        "operationId": "getConfigurationWithNameForProduct()",
        "summary": null,
        "description": "Retrieves a specific product configuration by product name and configuration name.",
        "parameters": [
          {
            "name": "productName",
            "in": "path",
            "required": true,
            "schema": {
              "type": "string",
              "description": "The name of the product for which the configuration is being requested.",
              "format": null,
              "minLength": 1,
              "maxLength": 255
            }
          },
          {
            "name": "configurationName",
            "in": "path",
            "required": true,
            "schema": {
              "type": "string",
              "description": "The name of the configuration for the specified product.",
              "format": null,
              "minLength": 1,
              "maxLength": 255
            }
          }
        ],
        "responses": {
          "200": {
            "description": "Successfully retrieved the product configuration.",
            "content": {}
          },
          "404": {
            "description": "The specified product or configuration was not found.",
            "content": {}
          }
        }
      },
      "post": {
        "operationId": "addConfiguration()",
        "summary": null,
        "description": "Adds a new configuration for a specified product.",
        "parameters": [
          {
            "name": "productName",
            "in": "path",
            "required": true,
            "schema": {
              "type": "string",
              "description": "The name of the product for which the configuration is being added.",
              "format": null,
              "minLength": 1,
              "maxLength": 128
            }
          },
          {
            "name": "configurationName",
            "in": "path",
            "required": true,
            "schema": {
              "type": "string",
              "description": "The name of the configuration being added for the specified product.",
              "format": null,
              "minLength": 1,
              "maxLength": 128
            }
          }
        ],
        "responses": {
          "201": {
            "description": "Configuration created successfully.",
            "content": {}
          },
          "400": {
            "description": "Bad request, possibly due to invalid parameters.",
            "content": {}
          }
        }
      },
      "delete": {
        "operationId": "deleteConfiguration()",
        "summary": null,
        "description": "Deletes a specific configuration for a specified product.",
        "parameters": [
          {
            "name": "productName",
            "in": "path",
            "required": true,
            "schema": {
              "type": "string",
              "description": "The name of the product for which the configuration is being deleted.",
              "format": "",
              "minLength": 1,
              "maxLength": 128,
              "enum": [
                "[]"
              ]
            }
          },
          {
            "name": "configurationName",
            "in": "path",
            "required": true,
            "schema": {
              "type": "string",
              "description": "The name of the configuration to be deleted.",
              "format": "",
              "minLength": 1,
              "maxLength": 128,
              "enum": [
                "[]"
              ]
            }
          }
        ],
        "responses": {
          "204": {
            "description": "No Content - The configuration has been successfully deleted.",
            "content": {}
          },
          "404": {
            "description": "Not Found - The specified configuration or product does not exist.",
            "content": {}
          }
        }
      }
    },
    "/products/{productName}/requires": {
      "post": {
        "operationId": "addRequiresConstraintToProduct()",
        "summary": null,
        "description": "Adds a 'requires' constraint to a specified product.",
        "parameters": [
          {
            "name": "productName",
            "in": "path",
            "required": true,
            "schema": {
              "type": "string",
              "description": "The name of the product to which the constraint is being added.",
              "format": null,
              "minLength": 1,
              "maxLength": 255
            }
          },
          {
            "name": "sourceFeature",
            "in": "form",
            "required": true,
            "schema": {
              "type": "string",
              "description": "The name of the source feature that requires another feature.",
              "format": null,
              "minLength": 1,
              "maxLength": 255
            }
          },
          {
            "name": "requiredFeature",
            "in": "form",
            "required": true,
            "schema": {
              "type": "string",
              "description": "The name of the feature that is required by the source feature.",
              "format": null,
              "minLength": 1,
              "maxLength": 255
            }
          }
        ],
        "responses": {
          "201": {
            "description": "Created - A new requires constraint has been successfully added to the product.",
            "content": {}
          }
        }
      }
    },
    "/products/{productName}/excludes": {
      "post": {
        "operationId": "addExcludesConstraintToProduct()",
        "summary": null,
        "description": "Adds an 'excludes' constraint to a specified product.",
        "parameters": [
          {
            "name": "productName",
            "in": "path",
            "required": true,
            "schema": {
              "type": "string",
              "description": "The name of the product to which the constraint applies.",
              "format": null,
              "minLength": 1,
              "maxLength": 255
            }
          },
          {
            "name": "sourceFeature",
            "in": "form",
            "required": true,
            "schema": {
              "type": "string",
              "description": "The name of the source feature that is the basis for the exclusion constraint.",
              "format": null,
              "minLength": 1,
              "maxLength": 255
            }
          },
          {
            "name": "excludedFeature",
            "in": "form",
            "required": true,
            "schema": {
              "type": "string",
              "description": "The name of the feature that is excluded when the source feature is active.",
              "format": null,
              "minLength": 1,
              "maxLength": 255
            }
          }
        ],
        "responses": {
          "201": {
            "description": "Created - A new excludes constraint has been successfully added to the product.",
            "content": {}
          },
          "400": {
            "description": "Bad Request - The request parameters are invalid or missing.",
            "content": {}
          },
          "404": {
            "description": "Not Found - The specified product does not exist.",
            "content": {}
          },
          "500": {
            "description": "Internal Server Error - An unexpected error occurred while processing the request.",
            "content": {}
          }
        }
      }
    },
    "/products/{productName}/constraints/{constraintId}": {
      "delete": {
        "operationId": "deleteConstraint()",
        "summary": null,
        "description": "Deletes a specified constraint from a product.",
        "parameters": [
          {
            "name": "productName",
            "in": "path",
            "required": true,
            "schema": {
              "type": "string",
              "description": "The name of the product from which the constraint will be deleted.",
              "format": null,
              "minLength": 1,
              "maxLength": 255
            }
          },
          {
            "name": "constraintId",
            "in": "path",
            "required": true,
            "schema": {
              "type": "int",
              "description": "The ID of the constraint to be deleted.",
              "format": null,
              "minimum": 1.0,
              "maximum": 9.223372036854776e+18
            }
          }
        ],
        "responses": {
          "204": {
            "description": "No Content - The constraint was successfully deleted.",
            "content": {}
          },
          "404": {
            "description": "Not Found - The specified product or constraint was not found.",
            "content": {}
          }
        }
      }
    },
    "/products/{productName}/features": {
      "get": {
        "operationId": "getFeaturesForProduct()",
        "summary": null,
        "description": "Retrieves the set of features for a specified product.",
        "parameters": [
          {
            "name": "productName",
            "in": "path",
            "required": true,
            "schema": {
              "type": "string",
              "description": "The name of the product for which features are being requested.",
              "format": "",
              "minLength": 1,
              "maxLength": 128,
              "enum": [
                "[]"
              ]
            }
          },
          {
            "name": "productName",
            "in": "path",
            "required": true,
            "schema": {
              "type": "string",
              "description": "The name of the product to retrieve features for",
              "format": "",
              "minLength": 1,
              "maxLength": 255,
              "enum": [
                "[]"
              ]
            }
          },
          {
            "name": "productName",
            "in": "path",
            "required": true,
            "schema": {
              "type": "string",
              "description": "The name of the product for which features are being requested.",
              "format": "",
              "minLength": 1,
              "maxLength": 128,
              "enum": [
                "[]"
              ]
            }
          },
          {
            "name": "productName",
            "in": "path",
            "required": true,
            "schema": {
              "type": "string",
              "description": "The name of the product to retrieve features for",
              "format": "",
              "minLength": 1,
              "maxLength": 255,
              "enum": [
                "[]"
              ]
            }
          }
        ],
        "responses": {
          "200": {
            "description": "Returns a list of features associated with the specified product.",
            "content": {}
          },
          "404": {
            "description": "If the product with the specified name does not exist.",
            "content": {}
          }
        }
      }
    },
    "/products/{productName}/features/{featureName}": {
      "post": {
        "operationId": "addFeatureToProduct()",
        "summary": null,
        "description": "Adds a feature to a specified product with a description.",
        "parameters": [
          {
            "name": "productName",
            "in": "path",
            "required": true,
            "schema": {
              "type": "string",
              "description": "The name of the product to which the feature will be added.",
              "format": null,
              "minLength": 1,
              "maxLength": 128
            }
          },
          {
            "name": "featureName",
            "in": "path",
            "required": true,
            "schema": {
              "type": "string",
              "description": "The name of the feature to be added to the product.",
              "format": null,
              "minLength": 1,
              "maxLength": 128
            }
          },
          {
            "name": "featureDescription",
            "in": "form",
            "required": true,
            "schema": {
              "type": "string",
              "description": "A description of the feature being added.",
              "format": null,
              "minLength": 0,
              "maxLength": 256
            }
          }
        ],
        "responses": {
          "201": {
            "description": "Feature successfully added to the product.",
            "content": {}
          },
          "400": {
            "description": "Bad Request - Invalid input or missing parameters.",
            "content": {}
          }
        }
      },
      "put": {
        "operationId": "updateFeatureOfProduct()",
        "summary": null,
        "description": "Updates the description of a specified feature for a product.",
        "parameters": [
          {
            "name": "productName",
            "in": "path",
            "required": true,
            "schema": {
              "type": "string",
              "description": "The name of the product to update the feature for.",
              "format": null,
              "minLength": 1,
              "maxLength": 128
            }
          },
          {
            "name": "featureName",
            "in": "path",
            "required": true,
            "schema": {
              "type": "string",
              "description": "The name of the feature to update.",
              "format": null,
              "minLength": 1,
              "maxLength": 128
            }
          },
          {
            "name": "featureDescription",
            "in": "form",
            "required": true,
            "schema": {
              "type": "string",
              "description": "The new description for the feature.",
              "format": null,
              "minLength": 0,
              "maxLength": 512
            }
          }
        ],
        "responses": {
          "200": {
            "description": "Feature updated successfully.",
            "content": {}
          },
          "404": {
            "description": "Product or feature not found.",
            "content": {}
          }
        }
      },
      "delete": {
        "operationId": "deleteFeatureOfProduct()",
        "summary": null,
        "description": "Deletes a specified feature from a product.",
        "parameters": [
          {
            "name": "productName",
            "in": "path",
            "required": true,
            "schema": {
              "type": "string",
              "description": "The name of the product from which the feature will be deleted.",
              "format": "",
              "minLength": 1,
              "maxLength": 128,
              "enum": [
                "[]"
              ]
            }
          },
          {
            "name": "featureName",
            "in": "path",
            "required": true,
            "schema": {
              "type": "string",
              "description": "The name of the feature to be deleted from the product.",
              "format": "",
              "minLength": 1,
              "maxLength": 128,
              "enum": [
                "[]"
              ]
            }
          }
        ],
        "responses": {
          "204": {
            "description": "No Content - The feature was successfully deleted from the product.",
            "content": {}
          },
          "404": {
            "description": "Not Found - The specified product or feature does not exist.",
            "content": {}
          }
        }
      }
    },
    "/products": {
      "get": {
        "operationId": "getAllProducts()",
        "summary": null,
        "description": "Retrieves a list of all product names.",
        "parameters": [],
        "responses": {
          "200": {
            "description": "Returns a list of all product names.",
            "content": {}
          }
        }
      }
    },
    "/products/{productName}": {
      "get": {
        "operationId": "getProductByName()",
        "summary": null,
        "description": "Retrieves a product by its name.",
        "parameters": [
          {
            "name": "productName",
            "in": "path",
            "required": true,
            "schema": {
              "type": "string",
              "description": "The name of the product to retrieve.",
              "format": "",
              "minLength": 1,
              "maxLength": 255,
              "enum": [
                "[]"
              ]
            }
          }
        ],
        "responses": {
          "200": {
            "description": "Successfully retrieved the product by name.",
            "content": {}
          },
          "404": {
            "description": "Product not found.",
            "content": {}
          }
        }
      },
      "delete": {
        "operationId": "deleteProductByName()",
        "summary": null,
        "description": "Deletes a product by its name.",
        "parameters": [
          {
            "name": "productName",
            "in": "path",
            "required": true,
            "schema": {
              "type": "string",
              "description": "The name of the product to be deleted",
              "format": null,
              "enum": [
                "[]"
              ]
            }
          }
        ],
        "responses": {
          "204": {
            "description": "No Content - The product was successfully deleted.",
            "content": {}
          },
          "404": {
            "description": "Not Found - The product with the specified name was not found.",
            "content": {}
          }
        }
      },
      "post": {
        "operationId": "addProduct()",
        "summary": null,
        "description": "Adds a new product with the specified name.",
        "parameters": [
          {
            "name": "productName",
            "in": "path",
            "required": true,
            "schema": {
              "type": "string",
              "description": "The name of the product to be added.",
              "format": "",
              "minLength": 1,
              "maxLength": 255,
              "enum": [
                "[]"
              ]
            }
          }
        ],
        "responses": {
          "201": {
            "description": "Product created successfully.",
            "content": {}
          },
          "400": {
            "description": "Bad Request - Invalid product name or other input validation errors.",
            "content": {}
          },
          "409": {
            "description": "Conflict - Product with the same name already exists.",
            "content": {}
          }
        }
      }
    },
    "/products/{productName}/constraints": {
      "get": {
        "operationId": "productsConstraintsResource()",
        "summary": null,
        "description": "Accesses the constraints resource for a specific product.",
        "parameters": [],
        "responses": {
          "200": {
            "description": "Returns the configurations associated with the specified product.",
            "content": {}
          },
          "404": {
            "description": "If the product with the specified name does not exist.",
            "content": {}
          }
        }
      }
    }
  }
}