{
  "openapi": "3.1.1",
  "info": {
    "title": "API Specification",
    "version": "1.0.0"
  },
  "paths": {
    "/openapi.yaml": {
      "get": {
        "operationId": "getOpenApi()",
        "summary": null,
        "description": "Retrieves the OpenAPI specification in YAML format.",
        "parameters": [],
        "responses": {
          "200": {
            "description": "Successfully retrieves the OpenAPI specification in YAML format.",
            "content": {}
          }
        }
      }
    },
    "/api/{api}/plans": {
      "get": {
        "operationId": "getApiPlans()",
        "summary": null,
        "description": "Retrieves a list of plans for a specific API.",
        "parameters": [
          {
            "name": "status",
            "in": "query",
            "required": true,
            "schema": {
              "type": "string",
              "description": "The desired status of the plans to retrieve.",
              "format": null,
              "default": "PUBLISHED",
              "enum": [
                "['PUBLISHED'",
                " 'DRAFT'",
                " 'CLOSED'",
                " 'DEPRECATED']"
              ]
            }
          },
          {
            "name": "security",
            "in": "query",
            "required": true,
            "schema": {
              "type": "string",
              "description": "The security type of the plans to retrieve.",
              "format": null,
              "enum": [
                "['KEY_LESS'",
                " 'API_KEY'",
                " 'OAUTH2'",
                " 'JWT'",
                " 'SUBSCRIPTION']"
              ]
            }
          }
        ],
        "responses": {
          "200": {
            "description": "Returns a list of plans associated with the specified API.",
            "content": {}
          },
          "403": {
            "description": "Forbidden access due to insufficient permissions.",
            "content": {}
          }
        }
      },
      "post": {
        "operationId": "createApiPlan()",
        "summary": null,
        "description": "Creates a new plan for a specific API.",
        "parameters": [
          {
            "name": "id",
            "in": null,
            "required": true,
            "schema": {
              "type": "string",
              "description": "The unique identifier for the plan.",
              "format": null,
              "maxLength": 255
            }
          },
          {
            "name": "crossId",
            "in": null,
            "required": true,
            "schema": {
              "type": "string",
              "description": "The cross identifier for the plan.",
              "format": null,
              "maxLength": 255
            }
          },
          {
            "name": "apiId",
            "in": null,
            "required": true,
            "schema": {
              "type": "string",
              "description": "The API identifier to which the plan belongs.",
              "format": null,
              "maxLength": 255
            }
          },
          {
            "name": "name",
            "in": null,
            "required": true,
            "schema": {
              "type": "string",
              "description": "The name of the plan.",
              "format": null,
              "minLength": 1,
              "maxLength": 255
            }
          },
          {
            "name": "description",
            "in": null,
            "required": true,
            "schema": {
              "type": "string",
              "description": "A description of the plan.",
              "format": null,
              "minLength": 1,
              "maxLength": 1000
            }
          },
          {
            "name": "validation",
            "in": null,
            "required": true,
            "schema": {
              "type": "PlanValidationType",
              "description": "The validation type for the plan.",
              "format": null,
              "enum": [
                "['MANUAL'",
                " 'AUTO']"
              ]
            }
          },
          {
            "name": "security",
            "in": null,
            "required": true,
            "schema": {
              "type": "PlanSecurity",
              "description": "The security configuration for the plan.",
              "format": null
            }
          },
          {
            "name": "type",
            "in": null,
            "required": true,
            "schema": {
              "type": "PlanType",
              "description": "The type of the plan.",
              "format": null,
              "enum": [
                "['API'",
                " 'CATALOG']"
              ]
            }
          },
          {
            "name": "status",
            "in": null,
            "required": true,
            "schema": {
              "type": "PlanStatus",
              "description": "The status of the plan.",
              "format": null,
              "enum": [
                "['STAGING'",
                " 'PUBLISHED'",
                " 'DEPRECATED']"
              ]
            }
          },
          {
            "name": "flows",
            "in": null,
            "required": true,
            "schema": {
              "type": "List<Flow>",
              "description": "The list of flows associated with the plan.",
              "format": null
            }
          },
          {
            "name": "characteristics",
            "in": null,
            "required": true,
            "schema": {
              "type": "List<String>",
              "description": "Characteristics of the plan.",
              "format": null
            }
          },
          {
            "name": "excludedGroups",
            "in": null,
            "required": true,
            "schema": {
              "type": "List<String>",
              "description": "Groups excluded from the plan.",
              "format": null
            }
          },
          {
            "name": "commentRequired",
            "in": null,
            "required": true,
            "schema": {
              "type": "boolean",
              "description": "Indicates if a comment is required for the plan.",
              "format": null,
              "default": "0"
            }
          },
          {
            "name": "commentMessage",
            "in": null,
            "required": true,
            "schema": {
              "type": "string",
              "description": "The message to display when a comment is required.",
              "format": null,
              "maxLength": 255
            }
          },
          {
            "name": "generalConditions",
            "in": null,
            "required": true,
            "schema": {
              "type": "string",
              "description": "General conditions for the plan.",
              "format": null
            }
          },
          {
            "name": "tags",
            "in": null,
            "required": true,
            "schema": {
              "type": "Set<String>",
              "description": "Tags associated with the plan.",
              "format": null
            }
          },
          {
            "name": "selectionRule",
            "in": null,
            "required": true,
            "schema": {
              "type": "string",
              "description": "The selection rule for the plan.",
              "format": null
            }
          },
          {
            "name": "order",
            "in": null,
            "required": true,
            "schema": {
              "type": "int",
              "description": "The order of the plan.",
              "format": null,
              "minimum": 0.0
            }
          }
        ],
        "responses": {
          "201": {
            "description": "The plan has been successfully created.",
            "content": {}
          },
          "400": {
            "description": "Bad Request - The request is invalid.",
            "content": {}
          },
          "403": {
            "description": "Forbidden - You do not have sufficient rights to create this plan.",
            "content": {}
          }
        }
      }
    },
    "/api/{api}/plans/{plan}": {
      "get": {
        "operationId": "getApiPlan()",
        "summary": null,
        "description": "Retrieves a specific plan for a specific API.",
        "parameters": [
          {
            "name": "api",
            "in": "path",
            "required": true,
            "schema": {
              "type": "string",
              "description": "The ID of the API for which the plan is being retrieved.",
              "format": null,
              "minLength": 36,
              "maxLength": 36
            }
          },
          {
            "name": "plan",
            "in": "path",
            "required": true,
            "schema": {
              "type": "string",
              "description": "The ID of the plan to retrieve.",
              "format": null,
              "minLength": 36,
              "maxLength": 36
            }
          }
        ],
        "responses": {
          "200": {
            "description": "Returns the details of the specified API plan.",
            "content": {}
          },
          "400": {
            "description": "'plan' parameter does not correspond to the current API.",
            "content": {}
          },
          "403": {
            "description": "You do not have sufficient rights to access this resource.",
            "content": {}
          }
        }
      },
      "put": {
        "operationId": "updateApiPlan()",
        "summary": null,
        "description": "Updates a specific plan for a specific API.",
        "parameters": [
          {
            "name": "plan",
            "in": "path",
            "required": true,
            "schema": {
              "type": "string",
              "description": "'plan' parameter does not correspond to the plan to update",
              "format": null,
              "enum": [
                "[]"
              ]
            }
          },
          {
            "name": "id",
            "in": "body",
            "required": true,
            "schema": {
              "type": "string",
              "description": "The ID of the plan",
              "format": null,
              "enum": [
                "[]"
              ]
            }
          },
          {
            "name": "name",
            "in": "body",
            "required": true,
            "schema": {
              "type": "string",
              "description": "The name of the plan",
              "format": null,
              "enum": [
                "[]"
              ]
            }
          },
          {
            "name": "description",
            "in": "body",
            "required": true,
            "schema": {
              "type": "string",
              "description": "The description of the plan",
              "format": null,
              "enum": [
                "[]"
              ]
            }
          },
          {
            "name": "validation",
            "in": "body",
            "required": true,
            "schema": {
              "type": "PlanValidationType",
              "description": "The validation type of the plan",
              "format": null,
              "default": "MANUAL",
              "enum": [
                "['MANUAL'",
                " 'AUTO']"
              ]
            }
          },
          {
            "name": "order",
            "in": "body",
            "required": true,
            "schema": {
              "type": "int",
              "description": "The order of the plan",
              "format": null,
              "minimum": 0.0,
              "maximum": 100.0,
              "default": "0"
            }
          },
          {
            "name": "excludedGroups",
            "in": "body",
            "required": true,
            "schema": {
              "type": "List<string>",
              "description": "The groups excluded from the plan",
              "format": null,
              "enum": [
                "[]"
              ]
            }
          },
          {
            "name": "commentRequired",
            "in": "body",
            "required": true,
            "schema": {
              "type": "boolean",
              "description": "Indicates if a comment is required",
              "format": null,
              "default": "0"
            }
          },
          {
            "name": "commentMessage",
            "in": "body",
            "required": true,
            "schema": {
              "type": "string",
              "description": "The message required for comments",
              "format": null,
              "minLength": 0,
              "maxLength": 256,
              "enum": [
                "[]"
              ]
            }
          },
          {
            "name": "generalConditions",
            "in": "body",
            "required": true,
            "schema": {
              "type": "string",
              "description": "General conditions for the plan",
              "format": null,
              "enum": [
                "[]"
              ]
            }
          },
          {
            "name": "tags",
            "in": "body",
            "required": true,
            "schema": {
              "type": "Set<string>",
              "description": "Tags associated with the plan",
              "format": null,
              "enum": [
                "[]"
              ]
            }
          },
          {
            "name": "selectionRule",
            "in": "body",
            "required": true,
            "schema": {
              "type": "string",
              "description": "The selection rule for the plan",
              "format": null,
              "enum": [
                "[]"
              ]
            }
          }
        ],
        "responses": {
          "200": {
            "description": "Successfully updated the API plan.",
            "content": {}
          },
          "400": {
            "description": "'plan' parameter does not correspond to the plan to update.",
            "content": {}
          },
          "403": {
            "description": "Forbidden access to the resource.",
            "content": {}
          },
          "404": {
            "description": "Plan not found.",
            "content": {}
          }
        }
      },
      "delete": {
        "operationId": "deleteApiPlan()",
        "summary": null,
        "description": "Deletes a specific plan for a specific API.",
        "parameters": [
          {
            "name": "api",
            "in": "path",
            "required": true,
            "schema": {
              "type": "string",
              "description": "The ID of the API to which the plan belongs.",
              "format": null,
              "minLength": 36,
              "maxLength": 36
            }
          },
          {
            "name": "plan",
            "in": "path",
            "required": true,
            "schema": {
              "type": "string",
              "description": "The ID of the plan to be deleted.",
              "format": null,
              "minLength": 36,
              "maxLength": 36
            }
          }
        ],
        "responses": {
          "204": {
            "description": "No Content - The plan was successfully deleted.",
            "content": {}
          },
          "400": {
            "description": "'plan' parameter does not correspond to the current API.",
            "content": {}
          },
          "403": {
            "description": "Forbidden - The user does not have sufficient rights to access this resource.",
            "content": {}
          },
          "404": {
            "description": "Not Found - The specified plan does not exist.",
            "content": {}
          }
        }
      }
    },
    "/api/{api}/plans/{plan}/_close": {
      "post": {
        "operationId": "closeApiPlan()",
        "summary": null,
        "description": "Closes a specific plan for a specific API.",
        "parameters": [
          {
            "name": "plan",
            "in": "path",
            "required": true,
            "schema": {
              "type": "string",
              "description": "The ID of the plan to close.",
              "format": null
            }
          }
        ],
        "responses": {
          "200": {
            "description": "Successfully closed the API plan.",
            "content": {}
          },
          "400": {
            "description": "'plan' parameter does not correspond to the current API.",
            "content": {}
          }
        }
      }
    },
    "/api/{api}/plans/{plan}/_publish": {
      "post": {
        "operationId": "publishApiPlan()",
        "summary": null,
        "description": "Publishes a specific plan for a specific API.",
        "parameters": [],
        "responses": {
          "200": {
            "description": "Successfully published the API plan.",
            "content": {}
          },
          "400": {
            "description": "'plan' parameter does not correspond to the current API.",
            "content": {}
          },
          "403": {
            "description": "You do not have sufficient rights to access this resource.",
            "content": {}
          }
        }
      }
    },
    "/api/{api}/plans/{plan}/_deprecate": {
      "post": {
        "operationId": "deprecateApiPlan()",
        "summary": null,
        "description": "Deprecates a specific plan for a specific API.",
        "parameters": [],
        "responses": {
          "200": {
            "description": "Successfully deprecated the API plan.",
            "content": {}
          },
          "400": {
            "description": "'plan' parameter does not correspond to the current API.",
            "content": {}
          },
          "403": {
            "description": "Forbidden access to the resource.",
            "content": {}
          }
        }
      }
    },
    "/apis/{apiId}": {
      "get": {
        "operationId": "getApiById()",
        "summary": null,
        "description": "Retrieve an API by its ID.",
        "parameters": [
          {
            "name": "apiId",
            "in": "path",
            "required": true,
            "schema": {
              "type": "string",
              "description": "The unique identifier of the API.",
              "format": "",
              "minLength": 36,
              "maxLength": 36,
              "enum": [
                "[]"
              ]
            }
          }
        ],
        "responses": {
          "200": {
            "description": "Successful retrieval of the API entity.",
            "content": {}
          },
          "403": {
            "description": "Forbidden access to the API entity.",
            "content": {}
          },
          "404": {
            "description": "API not found.",
            "content": {}
          }
        }
      },
      "put": {
        "operationId": "updateApi()",
        "summary": null,
        "description": "Update an existing API.",
        "parameters": [
          {
            "name": "id",
            "in": null,
            "required": true,
            "schema": {
              "type": "string",
              "description": "API's uuid.",
              "format": null,
              "minLength": 36,
              "maxLength": 36
            }
          },
          {
            "name": "crossId",
            "in": null,
            "required": true,
            "schema": {
              "type": "string",
              "description": "API's crossId. Identifies API across environments.",
              "format": null,
              "minLength": 36,
              "maxLength": 36
            }
          },
          {
            "name": "name",
            "in": null,
            "required": true,
            "schema": {
              "type": "string",
              "description": "API's name. Duplicate names can exist.",
              "format": null,
              "minLength": 1,
              "maxLength": 255
            }
          },
          {
            "name": "apiVersion",
            "in": null,
            "required": true,
            "schema": {
              "type": "string",
              "description": "API's version. It's a simple string only used in the portal.",
              "format": null,
              "minLength": 1,
              "maxLength": 50
            }
          },
          {
            "name": "definitionVersion",
            "in": null,
            "required": true,
            "schema": {
              "type": "DefinitionVersion",
              "description": "API's gravitee definition version.",
              "format": null
            }
          },
          {
            "name": "type",
            "in": null,
            "required": true,
            "schema": {
              "type": "ApiType",
              "description": "API's type.",
              "format": null
            }
          },
          {
            "name": "description",
            "in": null,
            "required": true,
            "schema": {
              "type": "string",
              "description": "API's description. A short description of your API.",
              "format": null,
              "minLength": 1,
              "maxLength": 100
            }
          },
          {
            "name": "tags",
            "in": null,
            "required": true,
            "schema": {
              "type": "Set<String>",
              "description": "The list of sharding tags associated with this API.",
              "format": null
            }
          },
          {
            "name": "listeners",
            "in": null,
            "required": true,
            "schema": {
              "type": "List<Listener>",
              "description": "A list of listeners used to describe how the API could be reached.",
              "format": null
            }
          },
          {
            "name": "endpointGroups",
            "in": null,
            "required": true,
            "schema": {
              "type": "List<EndpointGroup>",
              "description": "A list of endpoints describing the endpoints to contact.",
              "format": null
            }
          },
          {
            "name": "analytics",
            "in": null,
            "required": true,
            "schema": {
              "type": "Analytics",
              "description": "Analytics configuration.",
              "format": null
            }
          },
          {
            "name": "properties",
            "in": null,
            "required": true,
            "schema": {
              "type": "List<PropertyEntity>",
              "description": "A dictionary (could be dynamic) of properties available in the API context.",
              "format": null
            }
          },
          {
            "name": "resources",
            "in": null,
            "required": true,
            "schema": {
              "type": "List<Resource>",
              "description": "The list of API resources used by policies like cache resources or oauth2.",
              "format": null
            }
          },
          {
            "name": "plans",
            "in": null,
            "required": true,
            "schema": {
              "type": "Set<PlanEntity>",
              "description": "A list of plans to apply on the API.",
              "format": null
            }
          },
          {
            "name": "flowMode",
            "in": null,
            "required": true,
            "schema": {
              "type": "FlowMode",
              "description": "API's flow mode.",
              "format": null
            }
          },
          {
            "name": "flows",
            "in": null,
            "required": true,
            "schema": {
              "type": "List<Flow>",
              "description": "A list of flows containing the policies configuration.",
              "format": null
            }
          },
          {
            "name": "responseTemplates",
            "in": null,
            "required": true,
            "schema": {
              "type": "Map<String, Map<String, ResponseTemplate>>",
              "description": "A map that allows you to configure the output of a request based on the event throws by the gateway.",
              "format": null
            }
          },
          {
            "name": "services",
            "in": null,
            "required": true,
            "schema": {
              "type": "ApiServices",
              "description": "The configuration of API services like the dynamic properties.",
              "format": null
            }
          },
          {
            "name": "groups",
            "in": null,
            "required": true,
            "schema": {
              "type": "Set<String>",
              "description": "API's groups. Used to add team in your API.",
              "format": null
            }
          },
          {
            "name": "visibility",
            "in": null,
            "required": true,
            "schema": {
              "type": "Visibility",
              "description": "The visibility of the API regarding the portal.",
              "format": null
            }
          },
          {
            "name": "picture",
            "in": null,
            "required": true,
            "schema": {
              "type": "string",
              "description": "the API logo encoded in base64.",
              "format": null
            }
          },
          {
            "name": "background",
            "in": null,
            "required": true,
            "schema": {
              "type": "string",
              "description": "the API background encoded in base64.",
              "format": null
            }
          }
        ],
        "responses": {
          "200": {
            "description": "Successful update of the API.",
            "content": {}
          },
          "400": {
            "description": "'apiId' is not the same that the API in payload.",
            "content": {}
          },
          "403": {
            "description": "You do not have sufficient rights to access this resource.",
            "content": {}
          },
          "500": {
            "description": "Internal server error occurred while processing the request.",
            "content": {}
          }
        }
      },
      "delete": {
        "operationId": "deleteApi()",
        "summary": null,
        "description": "Delete an API.",
        "parameters": [],
        "responses": {
          "204": {
            "description": "No Content - The API was successfully deleted.",
            "content": {}
          },
          "403": {
            "description": "Forbidden - The user does not have sufficient rights to delete this API.",
            "content": {}
          },
          "404": {
            "description": "Not Found - The specified API was not found.",
            "content": {}
          },
          "500": {
            "description": "Internal Server Error - An unexpected error occurred while trying to delete the API.",
            "content": {}
          }
        }
      }
    },
    "/apis/{apiId}/deployments": {
      "post": {
        "operationId": "deployApi()",
        "summary": null,
        "description": "Deploy an API.",
        "parameters": [
          {
            "name": "deploymentLabel",
            "in": null,
            "required": true,
            "schema": {
              "type": "string",
              "description": "Label for an API deployment. Duplicate names can exist.",
              "format": null,
              "maxLength": 32
            }
          }
        ],
        "responses": {
          "200": {
            "description": "Successful deployment of the API.",
            "content": {}
          },
          "500": {
            "description": "Internal server error due to an exception.",
            "content": {}
          }
        }
      }
    },
    "/apis/{apiId}/_start": {
      "post": {
        "operationId": "startAPI()",
        "summary": null,
        "description": "Start an API.",
        "parameters": [],
        "responses": {
          "204": {
            "description": "No Content - The API has been successfully started.",
            "content": {}
          },
          "412": {
            "description": "Precondition Failed - The API state has changed since the last request.",
            "content": {}
          },
          "400": {
            "description": "Bad Request - The API cannot be started without being reviewed.",
            "content": {}
          }
        }
      }
    },
    "/apis/{apiId}/_stop": {
      "post": {
        "operationId": "stopAPI()",
        "summary": null,
        "description": "Stop an API.",
        "parameters": [],
        "responses": {
          "204": {
            "description": "No Content - The API has been successfully stopped.",
            "content": {}
          },
          "403": {
            "description": "Forbidden - The user does not have sufficient rights to stop this API.",
            "content": {}
          },
          "400": {
            "description": "Bad Request - The API cannot be stopped because it is in an invalid state.",
            "content": {}
          },
          "500": {
            "description": "Internal Server Error - An unexpected error occurred while trying to stop the API.",
            "content": {}
          }
        }
      }
    },
    "/apis/{apiId}/plans": {
      "get": {
        "operationId": "getApiPlansResource()",
        "summary": null,
        "description": "Retrieve plans associated with the API.",
        "parameters": [],
        "responses": {
          "200": {
            "description": "Successfully retrieved the API plans.",
            "content": {}
          },
          "403": {
            "description": "Forbidden access to the API plans.",
            "content": {}
          },
          "404": {
            "description": "API not found.",
            "content": {}
          }
        }
      }
    },
    "/endpoints": {
      "get": {
        "operationId": "getEndpoints()",
        "summary": null,
        "description": "Retrieves all endpoints.",
        "parameters": [],
        "responses": {
          "200": {
            "description": "Returns a set of ConnectorPluginEntity objects representing all available endpoints.",
            "content": {}
          }
        }
      }
    },
    "/endpoints/{endpointId}": {
      "get": {
        "operationId": "getEntrypoint()",
        "summary": null,
        "description": "Retrieves a specific endpoint by its ID.",
        "parameters": [
          {
            "name": "endpointId",
            "in": "path",
            "required": true,
            "schema": {
              "type": "string",
              "description": "The unique identifier of the endpoint",
              "format": null,
              "enum": [
                "[]"
              ]
            }
          }
        ],
        "responses": {
          "200": {
            "description": "Returns the ConnectorPluginEntity associated with the specified endpointId.",
            "content": {}
          },
          "404": {
            "description": "The specified endpointId was not found.",
            "content": {}
          },
          "500": {
            "description": "An internal server error occurred.",
            "content": {}
          }
        }
      }
    },
    "/endpoints/{endpointId}/schema": {
      "get": {
        "operationId": "getEntrypointSchema()",
        "summary": null,
        "description": "Retrieves the schema of a specific endpoint by its ID.",
        "parameters": [
          {
            "name": "endpointId",
            "in": "path",
            "required": true,
            "schema": {
              "type": "string",
              "description": "The ID of the endpoint to retrieve the schema for.",
              "format": null,
              "enum": [
                "[]"
              ]
            }
          }
        ],
        "responses": {
          "200": {
            "description": "Returns the schema of the specified endpoint.",
            "content": {}
          },
          "404": {
            "description": "Endpoint not found.",
            "content": {}
          },
          "500": {
            "description": "Internal server error.",
            "content": {}
          }
        }
      }
    },
    "/endpoints/{endpointId}/documentation": {
      "get": {
        "operationId": "getEntrypointDoc()",
        "summary": null,
        "description": "Retrieves the documentation of a specific endpoint by its ID.",
        "parameters": [
          {
            "name": "endpointId",
            "in": "path",
            "required": true,
            "schema": {
              "type": "string",
              "description": "The ID of the endpoint for which documentation is requested.",
              "format": null,
              "enum": [
                "[]"
              ]
            }
          }
        ],
        "responses": {
          "200": {
            "description": "Returns the documentation for the specified endpoint.",
            "content": {}
          },
          "404": {
            "description": "Endpoint not found.",
            "content": {}
          },
          "500": {
            "description": "Internal server error.",
            "content": {}
          }
        }
      }
    },
    "/entrypoints": {
      "get": {
        "operationId": "getEntrypoints()",
        "summary": null,
        "description": "Retrieves all entrypoints.",
        "parameters": [],
        "responses": {
          "200": {
            "description": "Returns a set of ConnectorPluginEntity objects representing all entry points.",
            "content": {}
          }
        }
      }
    },
    "/entrypoints/{entrypointId}": {
      "get": {
        "operationId": "getEntrypoint()",
        "summary": null,
        "description": "Retrieves a specific entrypoint by its ID.",
        "parameters": [
          {
            "name": "entrypointId",
            "in": "path",
            "required": true,
            "schema": {
              "type": "string",
              "description": "The ID of the entrypoint to retrieve.",
              "format": null,
              "enum": [
                "[]"
              ]
            }
          }
        ],
        "responses": {
          "200": {
            "description": "Returns the details of the specified entrypoint.",
            "content": {}
          },
          "404": {
            "description": "Entrypoint not found.",
            "content": {}
          }
        }
      }
    },
    "/entrypoints/{entrypointId}/schema": {
      "get": {
        "operationId": "getEntrypointSchema()",
        "summary": null,
        "description": "Retrieves the schema of a specific entrypoint by its ID.",
        "parameters": [
          {
            "name": "entrypointId",
            "in": "path",
            "required": true,
            "schema": {
              "type": "string",
              "description": "The unique identifier of the entrypoint.",
              "format": null,
              "minLength": 1,
              "maxLength": 255
            }
          }
        ],
        "responses": {
          "200": {
            "description": "Returns the schema of the specified entrypoint.",
            "content": {}
          },
          "404": {
            "description": "Entrypoint not found.",
            "content": {}
          },
          "500": {
            "description": "Internal server error.",
            "content": {}
          }
        }
      }
    },
    "/entrypoints/{entrypointId}/documentation": {
      "get": {
        "operationId": "getEntrypointDoc()",
        "summary": null,
        "description": "Retrieves the documentation of a specific entrypoint by its ID.",
        "parameters": [
          {
            "name": "entrypointId",
            "in": "path",
            "required": true,
            "schema": {
              "type": "string",
              "description": "The ID of the entrypoint to retrieve its documentation.",
              "format": null,
              "enum": [
                "[]"
              ]
            }
          }
        ],
        "responses": {
          "200": {
            "description": "Returns the documentation for the specified entrypoint.",
            "content": {}
          },
          "404": {
            "description": "Entrypoint not found.",
            "content": {}
          },
          "500": {
            "description": "Internal server error.",
            "content": {}
          }
        }
      }
    },
    "/entrypoints/{entrypointId}/subscriptionSchema": {
      "get": {
        "operationId": "getEntrypointSubscriptionSchema()",
        "summary": null,
        "description": "Retrieves the subscription schema of a specific entrypoint by its ID.",
        "parameters": [
          {
            "name": "entrypointId",
            "in": "path",
            "required": true,
            "schema": {
              "type": "string",
              "description": "The unique identifier of the entrypoint.",
              "format": null,
              "minLength": 1,
              "maxLength": 255
            }
          }
        ],
        "responses": {
          "200": {
            "description": "Returns the subscription schema for the specified entrypoint.",
            "content": {}
          },
          "404": {
            "description": "Entrypoint not found.",
            "content": {}
          },
          "500": {
            "description": "Internal server error.",
            "content": {}
          }
        }
      }
    },
    "/environments/{envId}": {
      "get": {
        "operationId": "getEnvironment()",
        "summary": null,
        "description": "Retrieves the environment by its ID.",
        "parameters": [
          {
            "name": "envId",
            "in": "path",
            "required": true,
            "schema": {
              "type": "string",
              "description": "The ID of the environment to retrieve.",
              "format": null,
              "enum": [
                "[]"
              ]
            }
          }
        ],
        "responses": {
          "200": {
            "description": "Returns the environment entity corresponding to the provided envId.",
            "content": {}
          },
          "404": {
            "description": "Environment not found.",
            "content": {}
          }
        }
      }
    },
    "/environments/{envId}/apis": {
      "post": {
        "operationId": "createApi()",
        "summary": null,
        "description": "Creates a new API in the specified environment.",
        "parameters": [
          {
            "name": "name",
            "in": null,
            "required": true,
            "schema": {
              "type": "string",
              "description": "API's name. Duplicate names can exist.",
              "format": null,
              "minLength": 1,
              "maxLength": 128
            }
          },
          {
            "name": "apiVersion",
            "in": null,
            "required": true,
            "schema": {
              "type": "string",
              "description": "API's version. It's a simple string only used in the portal.",
              "format": null,
              "minLength": 1,
              "maxLength": 32
            }
          },
          {
            "name": "definitionVersion",
            "in": null,
            "required": true,
            "schema": {
              "type": "DefinitionVersion",
              "description": "API's gravitee definition version.",
              "format": null,
              "enum": [
                "['V4']"
              ]
            }
          },
          {
            "name": "type",
            "in": null,
            "required": true,
            "schema": {
              "type": "ApiType",
              "description": "API's type.",
              "format": null,
              "enum": [
                "['async'",
                " 'sync']"
              ]
            }
          },
          {
            "name": "description",
            "in": null,
            "required": true,
            "schema": {
              "type": "string",
              "description": "A short description of your API.",
              "format": null,
              "minLength": 1,
              "maxLength": 100
            }
          },
          {
            "name": "tags",
            "in": null,
            "required": true,
            "schema": {
              "type": "Set<String>",
              "description": "The list of sharding tags associated with this API.",
              "format": null
            }
          },
          {
            "name": "listeners",
            "in": null,
            "required": true,
            "schema": {
              "type": "List<Listener>",
              "description": "A list of listeners used to describe how the API could be reached.",
              "format": null
            }
          },
          {
            "name": "endpointGroups",
            "in": null,
            "required": true,
            "schema": {
              "type": "List<EndpointGroup>",
              "description": "A list of endpoints describing the endpoints to contact.",
              "format": null
            }
          },
          {
            "name": "analytics",
            "in": null,
            "required": true,
            "schema": {
              "type": "Analytics",
              "description": "Analytics configuration.",
              "format": null
            }
          },
          {
            "name": "flowMode",
            "in": null,
            "required": true,
            "schema": {
              "type": "FlowMode",
              "description": "API's flow mode.",
              "format": null,
              "enum": [
                "['BEST_MATCH'",
                " 'FIRST_MATCH']"
              ]
            }
          },
          {
            "name": "flows",
            "in": null,
            "required": true,
            "schema": {
              "type": "List<Flow>",
              "description": "A list of flows containing the policies configuration.",
              "format": null
            }
          },
          {
            "name": "groups",
            "in": null,
            "required": true,
            "schema": {
              "type": "Set<String>",
              "description": "API's groups. Used to add team in your API.",
              "format": null
            }
          }
        ],
        "responses": {
          "201": {
            "description": "API created successfully.",
            "content": {}
          },
          "400": {
            "description": "Bad request, invalid input data.",
            "content": {}
          },
          "403": {
            "description": "Forbidden, insufficient permissions.",
            "content": {}
          },
          "500": {
            "description": "Internal server error.",
            "content": {}
          }
        }
      }
    },
    "/organizations/{orgId}": {
      "get": {
        "operationId": "get()",
        "summary": null,
        "description": "Retrieves the organization entity by its ID.",
        "parameters": [
          {
            "name": "orgId",
            "in": "path",
            "required": true,
            "schema": {
              "type": "string",
              "description": "The unique identifier of the organization.",
              "format": null,
              "minLength": 1,
              "maxLength": 255
            }
          }
        ],
        "responses": {
          "200": {
            "description": "Returns the organization entity corresponding to the provided orgId.",
            "content": {}
          },
          "404": {
            "description": "The organization with the specified orgId was not found.",
            "content": {}
          }
        }
      }
    },
    "/organizations/{orgId}/environments": {
      "get": {
        "operationId": "getEnvironments()",
        "summary": null,
        "description": "Retrieves the environments associated with the specified organization.",
        "parameters": [
          {
            "name": "orgId",
            "in": "path",
            "required": true,
            "schema": {
              "type": "string",
              "description": "The ID of the organization.",
              "format": null,
              "enum": [
                "[]"
              ]
            }
          }
        ],
        "responses": {
          "200": {
            "description": "Returns a collection of environments associated with the specified organization.",
            "content": {}
          },
          "404": {
            "description": "The specified organization ID does not exist.",
            "content": {}
          },
          "403": {
            "description": "The user does not have sufficient rights to access this resource.",
            "content": {}
          }
        }
      }
    }
  }
}