{
  "openapi": "3.1.1",
  "info": {
    "title": "API Specification",
    "version": "1.0.0"
  },
  "paths": {
    "/api/{mail}/subscribers": {
      "get": {
        "operationId": "GET",
        "summary": "Get subscribers of different subscription versions.",
        "description": null,
        "parameters": [
          {
            "name": "mail",
            "in": "path",
            "required": true,
            "schema": {
              "type": "string",
              "description": "email address of the mailing list account",
              "format": null
            }
          },
          {
            "name": "email_only",
            "in": "query",
            "required": true,
            "schema": {
              "type": "boolean",
              "description": "if present, return a list of subscribers' mail addresses",
              "format": null
            }
          }
        ],
        "responses": {
          "200": {
            "description": "Successfully retrieved subscribers of different subscription versions.",
            "content": {}
          },
          "500": {
            "description": "Internal server error when retrieving subscribers.",
            "content": {}
          }
        }
      },
      "post": {
        "operationId": "POST",
        "summary": "Add multiple subscribers to given subscription version.",
        "description": null,
        "parameters": [
          {
            "name": "mail",
            "in": "path",
            "required": true,
            "schema": {
              "type": "string",
              "description": "email address of the mailing list account",
              "format": null
            }
          }
        ],
        "responses": {
          "200": {
            "description": "Successful operation indicating that subscribers were added or removed.",
            "content": {}
          },
          "400": {
            "description": "Bad request due to invalid input parameters.",
            "content": {}
          },
          "500": {
            "description": "Internal server error if the operation fails.",
            "content": {}
          }
        }
      }
    },
    "/api/{mail}/has_subscriber/{subscriber}": {
      "get": {
        "operationId": "GET",
        "summary": "Check whether given subscriber is member of given mailing list.",
        "description": null,
        "parameters": [
          {
            "name": "mail",
            "in": "path",
            "required": true,
            "schema": {
              "type": "string",
              "description": "email address of the mailing list account",
              "format": null
            }
          },
          {
            "name": "subscriber",
            "in": "path",
            "required": true,
            "schema": {
              "type": "string",
              "description": "email address of the subscriber",
              "format": null
            }
          }
        ],
        "responses": {
          "200": {
            "description": "Check whether given subscriber is a member of the given mailing list.",
            "content": {}
          },
          "500": {
            "description": "Internal server error or failure to check subscriber status.",
            "content": {}
          }
        }
      }
    },
    "/api/subscriber/{subscriber}/subscribed": {
      "get": {
        "operationId": "GET",
        "summary": "Get mailing lists which the given subscriber subscribed to.",
        "description": null,
        "parameters": [
          {
            "name": "subscriber",
            "in": "path",
            "required": true,
            "schema": {
              "type": "string",
              "description": "subscriber's email address.",
              "format": null
            }
          },
          {
            "name": "email_only",
            "in": "query",
            "required": true,
            "schema": {
              "type": "string",
              "description": "if set to 'yes', return list of email addresses of subscribed lists.",
              "format": null
            }
          },
          {
            "name": "query_all_lists",
            "in": "query",
            "required": true,
            "schema": {
              "type": "string",
              "description": "If set to 'yes', will check all available mailing lists on server. If 'no', check only lists under same domain.",
              "format": null
            }
          }
        ],
        "responses": {
          "200": {
            "description": "Successfully retrieved the list of mailing lists the subscriber is subscribed to.",
            "content": {}
          },
          "500": {
            "description": "Error occurred while retrieving the subscribed lists.",
            "content": {}
          }
        }
      }
    },
    "/api/subscriber/{subscriber}/subscribe": {
      "post": {
        "operationId": "POST",
        "summary": "Add one subscriber to multiple mailing lists.",
        "description": null,
        "parameters": [
          {
            "name": "subscriber",
            "in": "path",
            "required": true,
            "schema": {
              "type": "string",
              "description": "subscriber's email address.",
              "format": null
            }
          }
        ],
        "responses": {
          "200": {
            "description": "Successful subscription to mailing lists.",
            "content": {}
          },
          "400": {
            "description": "Bad request due to invalid email addresses or parameters.",
            "content": {}
          },
          "500": {
            "description": "Internal server error while processing the request.",
            "content": {}
          }
        }
      }
    },
    "/api/{mail}": {
      "get": {
        "operationId": "GET",
        "summary": "Get mailing list profiles.",
        "description": null,
        "parameters": [
          {
            "name": "mail",
            "in": "path",
            "required": true,
            "schema": {
              "type": "string",
              "description": "The mailing list account identifier.",
              "format": null
            }
          }
        ],
        "responses": {
          "200": {
            "description": "Successfully retrieved mailing list profiles.",
            "content": {}
          },
          "404": {
            "description": "No such account exists.",
            "content": {}
          }
        }
      },
      "post": {
        "operationId": "POST",
        "summary": "Create a new mailing list account.",
        "description": null,
        "parameters": [
          {
            "name": "mail",
            "in": "path",
            "required": true,
            "schema": {
              "type": "string",
              "description": "The email address for the mailing list account to create.",
              "format": null
            }
          }
        ],
        "responses": {
          "200": {
            "description": "Successfully created a new mailing list account.",
            "content": {}
          },
          "400": {
            "description": "Failed to create a mailing list account due to invalid input.",
            "content": {}
          },
          "500": {
            "description": "Internal server error occurred while creating the mailing list account.",
            "content": {}
          }
        }
      },
      "delete": {
        "operationId": "DELETE",
        "summary": "Delete a mailing list account.",
        "description": null,
        "parameters": [
          {
            "name": "mail",
            "in": "path",
            "required": true,
            "schema": {
              "type": "string",
              "description": "The email address of the mailing list account to delete.",
              "format": null
            }
          }
        ],
        "responses": {
          "200": {
            "description": "Successfully deleted the mailing list account.",
            "content": {}
          },
          "400": {
            "description": "Failed to remove mailing list account from backend.",
            "content": {}
          },
          "404": {
            "description": "No such mailing list account exists.",
            "content": {}
          },
          "500": {
            "description": "An error occurred while deleting the mailing list.",
            "content": {}
          }
        }
      },
      "put": {
        "operationId": "PUT",
        "summary": "Update a mailing list account.",
        "description": null,
        "parameters": [
          {
            "name": "mail",
            "in": "path",
            "required": true,
            "schema": {
              "type": "string",
              "description": "The email address of the mailing list account to update.",
              "format": null
            }
          }
        ],
        "responses": {
          "200": {
            "description": "Successfully updated the mailing list account.",
            "content": {}
          },
          "400": {
            "description": "Failed to update the mailing list account due to invalid input.",
            "content": {}
          },
          "404": {
            "description": "No such mailing list account exists.",
            "content": {}
          },
          "500": {
            "description": "An internal server error occurred while updating the mailing list account.",
            "content": {}
          }
        }
      }
    },
    "/api/{mail}/owners": {
      "get": {
        "operationId": "GET",
        "summary": "Get owners of a mailing list.",
        "description": null,
        "parameters": [
          {
            "name": "mail",
            "in": "path",
            "required": true,
            "schema": {
              "type": "string",
              "description": "The mailing list account identifier.",
              "format": null
            }
          }
        ],
        "responses": {
          "200": {
            "description": "Successfully retrieved the owners of the mailing list.",
            "content": {}
          },
          "404": {
            "description": "No such mailing list account exists.",
            "content": {}
          }
        }
      },
      "put": {
        "operationId": "PUT",
        "summary": "Manage owners of a mailing list.",
        "description": null,
        "parameters": [
          {
            "name": "mail",
            "in": "path",
            "required": true,
            "schema": {
              "type": "string",
              "description": "The mailing list account identifier.",
              "format": null
            }
          }
        ],
        "responses": {
          "200": {
            "description": "Successful operation, owners updated.",
            "content": {}
          },
          "400": {
            "description": "Invalid request parameters or conflicts in parameters.",
            "content": {}
          },
          "404": {
            "description": "Mailing list does not exist.",
            "content": {}
          },
          "500": {
            "description": "Internal server error while processing the request.",
            "content": {}
          }
        }
      }
    },
    "/api/{mail}/moderators": {
      "get": {
        "operationId": "GET",
        "summary": "Get moderators of a mailing list.",
        "description": null,
        "parameters": [
          {
            "name": "mail",
            "in": "path",
            "required": true,
            "schema": {
              "type": "string",
              "description": "The mailing list account identifier.",
              "format": null
            }
          }
        ],
        "responses": {
          "200": {
            "description": "Successful retrieval of moderators for the specified mailing list.",
            "content": {}
          },
          "404": {
            "description": "No such mailing list account exists.",
            "content": {}
          }
        }
      }
    }
  }
}