{
  "openapi": "3.1.1",
  "info": {
    "title": "API Specification",
    "version": "1.0.0"
  },
  "paths": {
    "/quartz-manager/jobs": {
      "get": {
        "operationId": "listJobs()",
        "summary": null,
        "description": "Return a list of qualified java classes",
        "parameters": [],
        "responses": {
          "200": {
            "description": "Return a list of qualified java classes",
            "content": {}
          }
        }
      }
    },
    "/scheduler": {
      "get": {
        "operationId": "getScheduler()",
        "summary": null,
        "description": "Return the scheduler config",
        "parameters": [],
        "responses": {
          "200": {
            "description": "Return the scheduler config",
            "content": {}
          }
        }
      }
    },
    "/scheduler/pause": {
      "get": {
        "operationId": "pause()",
        "summary": null,
        "description": "Got paused successfully",
        "parameters": [],
        "responses": {
          "204": {
            "description": "Got paused successfully",
            "content": {}
          }
        }
      }
    },
    "/scheduler/resume": {
      "get": {
        "operationId": "resume()",
        "summary": null,
        "description": "Got resumed successfully",
        "parameters": [],
        "responses": {
          "204": {
            "description": "Got resumed successfully",
            "content": {}
          }
        }
      }
    },
    "/scheduler/run": {
      "get": {
        "operationId": "run()",
        "summary": null,
        "description": "Got started successfully",
        "parameters": [],
        "responses": {
          "204": {
            "description": "Got started successfully",
            "content": {}
          }
        }
      }
    },
    "/scheduler/stop": {
      "get": {
        "operationId": "stop()",
        "summary": null,
        "description": "Got stopped successfully",
        "parameters": [],
        "responses": {
          "204": {
            "description": "Got stopped successfully",
            "content": {}
          }
        }
      }
    },
    "/quartz-manager/simple-triggers/{name}": {
      "get": {
        "operationId": "getSimpleTrigger()",
        "summary": null,
        "description": "Get a simple trigger by name",
        "parameters": [
          {
            "name": "name",
            "in": "path",
            "required": true,
            "schema": {
              "type": "string",
              "description": "The name of the simple trigger to retrieve.",
              "format": null,
              "enum": [
                "[]"
              ]
            }
          }
        ],
        "responses": {
          "200": {
            "description": "Got the trigger by its name",
            "content": {}
          },
          "404": {
            "description": "Trigger not found",
            "content": {}
          }
        }
      },
      "post": {
        "operationId": "postSimpleTrigger()",
        "summary": null,
        "description": "Schedule a new simple trigger",
        "parameters": [
          {
            "name": "name",
            "in": "path",
            "required": true,
            "schema": {
              "type": "string",
              "description": "The name of the simple trigger to be scheduled.",
              "format": null,
              "enum": [
                "[]"
              ]
            }
          },
          {
            "name": "repeatCount",
            "in": "body",
            "required": true,
            "schema": {
              "type": "int",
              "description": "The number of times the trigger should repeat.",
              "format": null,
              "minimum": 0.0,
              "default": "0"
            }
          },
          {
            "name": "repeatInterval",
            "in": "body",
            "required": true,
            "schema": {
              "type": "long",
              "description": "The interval in milliseconds between trigger repeats.",
              "format": null,
              "minimum": 1.0,
              "default": "1000"
            }
          }
        ],
        "responses": {
          "201": {
            "description": "Scheduled a new simple trigger",
            "content": {}
          },
          "400": {
            "description": "Invalid trigger configuration",
            "content": {}
          }
        }
      },
      "put": {
        "operationId": "rescheduleSimpleTrigger()",
        "summary": null,
        "description": "Reschedule a simple trigger",
        "parameters": [
          {
            "name": "name",
            "in": "path",
            "required": true,
            "schema": {
              "type": "string",
              "description": "The name of the simple trigger to be rescheduled.",
              "format": null,
              "enum": [
                "[]"
              ]
            }
          },
          {
            "name": "repeatCount",
            "in": "body",
            "required": true,
            "schema": {
              "type": "int",
              "description": "The number of times the trigger should repeat.",
              "format": null,
              "minimum": 0.0,
              "default": "0"
            }
          },
          {
            "name": "repeatInterval",
            "in": "body",
            "required": true,
            "schema": {
              "type": "long",
              "description": "The interval in milliseconds between trigger repeats.",
              "format": null,
              "minimum": 1.0,
              "default": "1000"
            }
          }
        ],
        "responses": {
          "200": {
            "description": "Rescheduled a simple trigger",
            "content": {}
          },
          "400": {
            "description": "Invalid trigger configuration",
            "content": {}
          }
        }
      }
    },
    "/triggers": {
      "get": {
        "operationId": "listTriggers()",
        "summary": null,
        "description": "Got the trigger list",
        "parameters": [],
        "responses": {
          "200": {
            "description": "Got the trigger list",
            "content": {}
          }
        }
      }
    },
    "/test-controller/test-conflict": {
      "post": {
        "operationId": "raiseConflictException()",
        "summary": null,
        "description": "Raises a ResourceConflictException indicating that another entity has been found with the same ID.",
        "parameters": [],
        "responses": {
          "409": {
            "description": "Conflict due to another entity found with the same ID",
            "content": {}
          }
        }
      }
    },
    "/whoami": {
      "get": {
        "operationId": "getLoggedUser()",
        "summary": null,
        "description": "Returns the principal of the currently authenticated user.",
        "parameters": [],
        "responses": {
          "200": {
            "description": "Successfully retrieved the logged-in user's information.",
            "content": {}
          },
          "404": {
            "description": "No logged-in user found.",
            "content": {}
          }
        }
      }
    },
    "/quartz-manager/dmz": {
      "get": {
        "operationId": "getDMZTest()",
        "summary": null,
        "description": "This endpoint is used to test the DMZ functionality.",
        "parameters": [],
        "responses": {
          "200": {
            "description": "Successful response for the GET /quartz-manager/dmz endpoint.",
            "content": {}
          }
        }
      }
    },
    "/quartz-manager/scheduler": {
      "get": {
        "operationId": "getQuartzManagerScheduler()",
        "summary": null,
        "description": "This endpoint retrieves the Quartz Manager Scheduler.",
        "parameters": [],
        "responses": {
          "200": {
            "description": "Successful response for the Quartz Manager Scheduler endpoint.",
            "content": {}
          }
        }
      }
    },
    "/": {
      "get": {
        "operationId": "healthCheck()",
        "summary": null,
        "description": "Health Check",
        "parameters": [],
        "responses": {
          "200": {
            "description": "Health check successful",
            "content": {}
          }
        }
      }
    },
    "/session/invalidate": {
      "get": {
        "operationId": "invalidateSession()",
        "summary": null,
        "description": "Invalidates the current session.",
        "parameters": [],
        "responses": {
          "204": {
            "description": "No Content - The session has been invalidated successfully.",
            "content": {}
          }
        }
      }
    },
    "/session/refresh": {
      "get": {
        "operationId": "refreshSession()",
        "summary": null,
        "description": "Refreshes the current session.",
        "parameters": [],
        "responses": {
          "200": {
            "description": "Successful refresh of the session.",
            "content": {}
          }
        }
      }
    }
  }
}