{
  "openapi": "3.1.1",
  "info": {
    "title": "API Specification",
    "version": "1.0.0"
  },
  "paths": {
    "/v1/all": {
      "get": {
        "operationId": "getAllCountries()",
        "summary": null,
        "description": "Retrieves a list of all countries.",
        "parameters": [],
        "responses": {
          "200": {
            "description": "Successful retrieval of all countries",
            "content": {}
          },
          "500": {
            "description": "Internal server error",
            "content": {}
          }
        }
      }
    },
    "/v1": {
      "get": {
        "operationId": "getCountries()",
        "summary": null,
        "description": "Retrieves a list of all countries.",
        "parameters": [],
        "responses": {
          "200": {
            "description": "Successfully retrieved all countries.",
            "content": {}
          },
          "500": {
            "description": "Internal server error.",
            "content": {}
          }
        }
      },
      "post": {
        "operationId": "doPOST()",
        "summary": null,
        "description": "Handles POST requests (not allowed for this endpoint).",
        "parameters": [],
        "responses": {
          "405": {
            "description": "Method Not Allowed",
            "content": {}
          }
        }
      }
    },
    "/v1/alpha/{alphacode}": {
      "get": {
        "operationId": "getByAlpha(String alpha)",
        "summary": null,
        "description": "Retrieves a country by its alpha code (2 or 3 characters).",
        "parameters": [
          {
            "name": "alphacode",
            "in": "path",
            "required": true,
            "schema": {
              "type": "string",
              "description": "The alpha code of the country, which can be either 2 or 3 characters long.",
              "format": null,
              "minLength": 2,
              "maxLength": 3
            }
          }
        ],
        "responses": {
          "200": {
            "description": "Successful retrieval of country data by alpha code",
            "content": {}
          },
          "400": {
            "description": "Bad Request - Invalid alpha code provided",
            "content": {}
          },
          "404": {
            "description": "Not Found - Country not found for the provided alpha code",
            "content": {}
          },
          "500": {
            "description": "Internal Server Error - An unexpected error occurred",
            "content": {}
          }
        }
      }
    },
    "/v1/alpha/": {
      "get": {
        "operationId": "getByAlphaList(String codes)",
        "summary": null,
        "description": "Retrieves countries by a list of alpha codes (2 or 3 characters, separated by semicolons).",
        "parameters": [
          {
            "name": "codes",
            "in": "query",
            "required": true,
            "schema": {
              "type": "string",
              "description": "A list of alpha codes separated by semicolons or a single alpha code.",
              "format": "",
              "minLength": 2,
              "maxLength": 3,
              "enum": [
                "[]"
              ]
            }
          }
        ],
        "responses": {
          "200": {
            "description": "Successful retrieval of countries by alpha code list.",
            "content": {}
          },
          "400": {
            "description": "Bad Request - Invalid input for alpha codes.",
            "content": {}
          },
          "404": {
            "description": "Not Found - No countries found for the provided alpha codes.",
            "content": {}
          },
          "500": {
            "description": "Internal Server Error - An exception occurred while processing the request.",
            "content": {}
          }
        }
      }
    },
    "/v1/currency/{currency}": {
      "get": {
        "operationId": "getByCurrency(String currency)",
        "summary": null,
        "description": "Retrieves countries that use the specified currency (3 characters).",
        "parameters": [
          {
            "name": "currency",
            "in": "path",
            "required": true,
            "schema": {
              "type": "string",
              "description": "The currency code to filter countries by.",
              "format": null,
              "minLength": 3,
              "maxLength": 3
            }
          }
        ],
        "responses": {
          "200": {
            "description": "Successful retrieval of countries by currency",
            "content": {}
          },
          "400": {
            "description": "Bad Request - Invalid currency code",
            "content": {}
          },
          "404": {
            "description": "Not Found - No countries found for the given currency",
            "content": {}
          },
          "500": {
            "description": "Internal Server Error - An unexpected error occurred while processing the request",
            "content": {}
          }
        }
      }
    },
    "/v1/name/{name}": {
      "get": {
        "operationId": "getByName(String name, boolean fullText)",
        "summary": null,
        "description": "Retrieves countries by name, with an option for full text search.",
        "parameters": [
          {
            "name": "name",
            "in": "path",
            "required": true,
            "schema": {
              "type": "string",
              "description": "The name of the country to retrieve information for.",
              "format": "",
              "minLength": 1,
              "maxLength": 255,
              "enum": [
                "[]"
              ]
            }
          },
          {
            "name": "fullText",
            "in": "query",
            "required": true,
            "schema": {
              "type": "boolean",
              "description": "Indicates whether to perform a full-text search for the country name.",
              "format": null,
              "default": "0"
            }
          }
        ],
        "responses": {
          "200": {
            "description": "Successful retrieval of countries by name.",
            "content": {}
          },
          "404": {
            "description": "No countries found matching the given name.",
            "content": {}
          },
          "500": {
            "description": "Internal server error occurred while processing the request.",
            "content": {}
          }
        }
      }
    },
    "/v1/callingcode/{callingcode}": {
      "get": {
        "operationId": "getByCallingCode(String callingcode)",
        "summary": null,
        "description": "Retrieves countries by their calling code.",
        "parameters": [
          {
            "name": "callingcode",
            "in": "path",
            "required": true,
            "schema": {
              "type": "string",
              "description": "The calling code of the country",
              "format": "",
              "minLength": 1,
              "maxLength": 16,
              "enum": [
                "[]"
              ]
            }
          }
        ],
        "responses": {
          "200": {
            "description": "Successful retrieval of countries by calling code.",
            "content": {}
          },
          "404": {
            "description": "No countries found for the provided calling code.",
            "content": {}
          },
          "400": {
            "description": "Bad request due to invalid calling code format.",
            "content": {}
          },
          "500": {
            "description": "Internal server error occurred while processing the request.",
            "content": {}
          }
        }
      }
    },
    "/v1/capital/{capital}": {
      "get": {
        "operationId": "getByCapital(String capital)",
        "summary": null,
        "description": "Retrieves countries by their capital city.",
        "parameters": [
          {
            "name": "capital",
            "in": "path",
            "required": true,
            "schema": {
              "type": "string",
              "description": "The capital city of the country to retrieve information for.",
              "format": null,
              "enum": [
                "[]"
              ]
            }
          }
        ],
        "responses": {
          "200": {
            "description": "Successful response with country data",
            "content": {}
          },
          "404": {
            "description": "Country not found",
            "content": {}
          },
          "500": {
            "description": "Internal server error",
            "content": {}
          },
          "400": {
            "description": "Bad request due to invalid input",
            "content": {}
          }
        }
      }
    },
    "/v1/region/{region}": {
      "get": {
        "operationId": "getByRegion(String region)",
        "summary": null,
        "description": "Retrieves countries by region.",
        "parameters": [
          {
            "name": "region",
            "in": "path",
            "required": true,
            "schema": {
              "type": "string",
              "description": "The region to filter countries by.",
              "format": null
            }
          }
        ],
        "responses": {
          "200": {
            "description": "Successful retrieval of countries by region",
            "content": {}
          },
          "404": {
            "description": "No countries found for the specified region",
            "content": {}
          },
          "500": {
            "description": "Internal server error occurred while processing the request",
            "content": {}
          }
        }
      }
    },
    "/v1/subregion/{subregion}": {
      "get": {
        "operationId": "getBySubregion(String subregion)",
        "summary": null,
        "description": "Retrieves countries by subregion.",
        "parameters": [
          {
            "name": "subregion",
            "in": "path",
            "required": true,
            "schema": {
              "type": "string",
              "description": "The subregion to filter countries by.",
              "format": null,
              "enum": [
                "[]"
              ]
            }
          }
        ],
        "responses": {
          "200": {
            "description": "Successful retrieval of countries by subregion",
            "content": {}
          },
          "404": {
            "description": "No countries found for the specified subregion",
            "content": {}
          },
          "500": {
            "description": "Internal server error occurred while processing the request",
            "content": {}
          }
        }
      }
    },
    "/v1/lang/{lang}": {
      "get": {
        "operationId": "getByLanguage(String language)",
        "summary": null,
        "description": "Retrieves countries that speak the specified language.",
        "parameters": [
          {
            "name": "lang",
            "in": "path",
            "required": true,
            "schema": {
              "type": "string",
              "description": "The language code to filter countries by.",
              "format": "",
              "minLength": 2,
              "maxLength": 3,
              "enum": [
                "[]"
              ]
            }
          }
        ],
        "responses": {
          "200": {
            "description": "Successful retrieval of countries by language",
            "content": {}
          },
          "404": {
            "description": "No countries found for the specified language",
            "content": {}
          },
          "400": {
            "description": "Bad request due to invalid language parameter",
            "content": {}
          },
          "500": {
            "description": "Internal server error occurred while processing the request",
            "content": {}
          }
        }
      }
    },
    "/v2/all": {
      "get": {
        "operationId": "getAllCountries()",
        "summary": null,
        "description": "Retrieves all countries.",
        "parameters": [
          {
            "name": "fields",
            "in": "query",
            "required": true,
            "schema": {
              "type": "string",
              "description": "Comma-separated list of fields to include or exclude in the response",
              "format": null,
              "enum": [
                "[]"
              ]
            }
          }
        ],
        "responses": {
          "200": {
            "description": "Successful retrieval of all countries",
            "content": {}
          },
          "500": {
            "description": "Internal server error",
            "content": {}
          }
        }
      }
    },
    "/v2": {
      "get": {
        "operationId": "getCountries()",
        "summary": null,
        "description": "Retrieves all countries.",
        "parameters": [
          {
            "name": "fields",
            "in": "query",
            "required": true,
            "schema": {
              "type": "string",
              "description": "Comma-separated list of fields to include or exclude in the response.",
              "format": null,
              "enum": [
                "[]"
              ]
            }
          }
        ],
        "responses": {
          "200": {
            "description": "Successfully retrieved all countries.",
            "content": {}
          },
          "500": {
            "description": "Internal server error occurred while processing the request.",
            "content": {}
          }
        }
      },
      "post": {
        "operationId": "doPOST()",
        "summary": null,
        "description": "Handles POST requests (method not allowed).",
        "parameters": [],
        "responses": {
          "405": {
            "description": "Method Not Allowed",
            "content": {}
          }
        }
      }
    },
    "/v2/alpha/{alphacode}": {
      "get": {
        "operationId": "getByAlpha()",
        "summary": null,
        "description": "Retrieves a country by its alpha code.",
        "parameters": [
          {
            "name": "alphacode",
            "in": "path",
            "required": true,
            "schema": {
              "type": "string",
              "description": "The alpha code of the country, which can be either 2 or 3 characters long.",
              "format": null,
              "minLength": 2,
              "maxLength": 3
            }
          },
          {
            "name": "fields",
            "in": "query",
            "required": true,
            "schema": {
              "type": "string",
              "description": "Comma-separated list of fields to include in the response.",
              "format": null
            }
          }
        ],
        "responses": {
          "200": {
            "description": "Successful retrieval of country data by alpha code.",
            "content": {}
          },
          "400": {
            "description": "Bad Request - The alpha code is invalid (empty or not of length 2 or 3).",
            "content": {}
          },
          "404": {
            "description": "Not Found - No country found with the provided alpha code.",
            "content": {}
          },
          "500": {
            "description": "Internal Server Error - An unexpected error occurred while processing the request.",
            "content": {}
          }
        }
      }
    },
    "/v2/alpha/": {
      "get": {
        "operationId": "getByAlphaList()",
        "summary": null,
        "description": "Retrieves countries by a list of alpha codes.",
        "parameters": [
          {
            "name": "codes",
            "in": "query",
            "required": true,
            "schema": {
              "type": "string",
              "description": "A list of country alpha codes separated by semicolons.",
              "format": "",
              "minLength": 2,
              "maxLength": 100,
              "enum": [
                "[]"
              ]
            }
          },
          {
            "name": "fields",
            "in": "query",
            "required": true,
            "schema": {
              "type": "string",
              "description": "Comma-separated list of fields to include in the response.",
              "format": "",
              "minLength": 0,
              "maxLength": 100,
              "enum": [
                "[]"
              ]
            }
          }
        ],
        "responses": {
          "200": {
            "description": "Successfully retrieved countries by alpha code list.",
            "content": {}
          },
          "400": {
            "description": "Bad Request - Invalid alpha code list provided.",
            "content": {}
          },
          "404": {
            "description": "Not Found - No countries found for the provided alpha code list.",
            "content": {}
          },
          "500": {
            "description": "Internal Server Error - An unexpected error occurred while processing the request.",
            "content": {}
          }
        }
      }
    },
    "/v2/currency/{currency}": {
      "get": {
        "operationId": "getByCurrency()",
        "summary": null,
        "description": "Retrieves countries by currency.",
        "parameters": [
          {
            "name": "currency",
            "in": "path",
            "required": true,
            "schema": {
              "type": "string",
              "description": "The currency code to filter countries by.",
              "format": null,
              "minLength": 3,
              "maxLength": 3
            }
          },
          {
            "name": "fields",
            "in": "query",
            "required": true,
            "schema": {
              "type": "string",
              "description": "Comma-separated list of fields to include in the response.",
              "format": null
            }
          }
        ],
        "responses": {
          "200": {
            "description": "Successful retrieval of countries by currency.",
            "content": {}
          },
          "400": {
            "description": "Bad request due to invalid currency code.",
            "content": {}
          },
          "404": {
            "description": "No countries found for the specified currency.",
            "content": {}
          },
          "500": {
            "description": "Internal server error occurred while processing the request.",
            "content": {}
          }
        }
      }
    },
    "/v2/name/{name}": {
      "get": {
        "operationId": "getByName()",
        "summary": null,
        "description": "Retrieves countries by name.",
        "parameters": [
          {
            "name": "name",
            "in": "path",
            "required": true,
            "schema": {
              "type": "string",
              "description": "The name of the country to search for.",
              "format": null,
              "minLength": 1,
              "maxLength": 255
            }
          },
          {
            "name": "fullText",
            "in": "query",
            "required": true,
            "schema": {
              "type": "boolean",
              "description": "If true, perform a full-text search for the country name.",
              "format": null,
              "default": "0"
            }
          },
          {
            "name": "fields",
            "in": "query",
            "required": true,
            "schema": {
              "type": "string",
              "description": "Comma-separated list of fields to include in the response.",
              "format": null,
              "minLength": 0,
              "maxLength": 255
            }
          }
        ],
        "responses": {
          "200": {
            "description": "Successfully retrieved country data by name.",
            "content": {}
          },
          "404": {
            "description": "Country not found.",
            "content": {}
          },
          "500": {
            "description": "Internal server error.",
            "content": {}
          }
        }
      }
    },
    "/v2/callingcode/{callingcode}": {
      "get": {
        "operationId": "getByCallingCode()",
        "summary": null,
        "description": "Retrieves countries by calling code.",
        "parameters": [
          {
            "name": "callingcode",
            "in": "path",
            "required": true,
            "schema": {
              "type": "string",
              "description": "The calling code of the country",
              "format": "",
              "minLength": 1,
              "maxLength": 3,
              "enum": [
                "[]"
              ]
            }
          }
        ],
        "responses": {
          "200": {
            "description": "Successful retrieval of countries by calling code.",
            "content": {}
          },
          "400": {
            "description": "Bad Request - Invalid calling code provided.",
            "content": {}
          },
          "404": {
            "description": "Not Found - No countries found for the provided calling code.",
            "content": {}
          },
          "500": {
            "description": "Internal Server Error - An unexpected error occurred.",
            "content": {}
          }
        }
      }
    },
    "/v2/capital/{capital}": {
      "get": {
        "operationId": "getByCapital()",
        "summary": null,
        "description": "Retrieves countries by capital.",
        "parameters": [
          {
            "name": "capital",
            "in": "path",
            "required": true,
            "schema": {
              "type": "string",
              "description": "The capital city of the country to retrieve information for.",
              "format": null,
              "enum": [
                "[]"
              ]
            }
          },
          {
            "name": "fields",
            "in": "query",
            "required": true,
            "schema": {
              "type": "string",
              "description": "Comma-separated list of fields to include in the response.",
              "format": null,
              "enum": [
                "[]"
              ]
            }
          }
        ],
        "responses": {
          "200": {
            "description": "Successful response with country data by capital",
            "content": {}
          },
          "404": {
            "description": "No country found for the given capital",
            "content": {}
          },
          "400": {
            "description": "Bad request due to invalid capital parameter",
            "content": {}
          },
          "500": {
            "description": "Internal server error due to an exception",
            "content": {}
          }
        }
      }
    },
    "/v2/region/{region}": {
      "get": {
        "operationId": "getByRegion()",
        "summary": null,
        "description": "Retrieves countries by region.",
        "parameters": [
          {
            "name": "region",
            "in": "path",
            "required": true,
            "schema": {
              "type": "string",
              "description": "The region to filter countries by.",
              "format": null,
              "enum": [
                "[]"
              ]
            }
          },
          {
            "name": "fields",
            "in": "query",
            "required": true,
            "schema": {
              "type": "string",
              "description": "Comma-separated list of fields to include in the response.",
              "format": null,
              "enum": [
                "[]"
              ]
            }
          }
        ],
        "responses": {
          "200": {
            "description": "Successful retrieval of countries by region.",
            "content": {}
          },
          "404": {
            "description": "No countries found for the specified region.",
            "content": {}
          },
          "500": {
            "description": "Internal server error occurred while processing the request.",
            "content": {}
          },
          "400": {
            "description": "Bad request due to invalid region parameter.",
            "content": {}
          }
        }
      }
    },
    "/v2/subregion/{subregion}": {
      "get": {
        "operationId": "getBySubRegion()",
        "summary": null,
        "description": "Retrieves countries by subregion.",
        "parameters": [
          {
            "name": "subregion",
            "in": "path",
            "required": true,
            "schema": {
              "type": "string",
              "description": "The subregion to filter countries by.",
              "format": null,
              "enum": [
                "[]"
              ]
            }
          },
          {
            "name": "fields",
            "in": "query",
            "required": true,
            "schema": {
              "type": "string",
              "description": "Comma-separated list of fields to include in the response.",
              "format": null,
              "enum": [
                "[]"
              ]
            }
          }
        ],
        "responses": {
          "200": {
            "description": "Successfully retrieved countries by subregion.",
            "content": {}
          },
          "404": {
            "description": "No countries found for the specified subregion.",
            "content": {}
          },
          "400": {
            "description": "Bad request due to invalid subregion parameter.",
            "content": {}
          },
          "500": {
            "description": "Internal server error occurred while processing the request.",
            "content": {}
          }
        }
      }
    },
    "/v2/lang/{lang}": {
      "get": {
        "operationId": "getByLanguage()",
        "summary": null,
        "description": "Retrieves countries by language.",
        "parameters": [
          {
            "name": "lang",
            "in": "path",
            "required": true,
            "schema": {
              "type": "string",
              "description": "The language code to filter countries by.",
              "format": null,
              "enum": [
                "[]"
              ]
            }
          },
          {
            "name": "fields",
            "in": "query",
            "required": true,
            "schema": {
              "type": "string",
              "description": "Comma-separated list of fields to include in the response.",
              "format": null,
              "enum": [
                "[]"
              ]
            }
          }
        ],
        "responses": {
          "200": {
            "description": "Successful retrieval of countries by language.",
            "content": {}
          },
          "400": {
            "description": "Bad request due to invalid language parameter.",
            "content": {}
          },
          "404": {
            "description": "No countries found for the specified language.",
            "content": {}
          },
          "500": {
            "description": "Internal server error.",
            "content": {}
          }
        }
      }
    },
    "/v2/demonym/{demonym}": {
      "get": {
        "operationId": "getByDemonym()",
        "summary": null,
        "description": "Retrieves countries by demonym.",
        "parameters": [
          {
            "name": "demonym",
            "in": "path",
            "required": true,
            "schema": {
              "type": "string",
              "description": "The demonym of the country",
              "format": null,
              "enum": [
                "[]"
              ]
            }
          }
        ],
        "responses": {
          "200": {
            "description": "Successful retrieval of countries by demonym",
            "content": {}
          },
          "404": {
            "description": "No countries found with the specified demonym",
            "content": {}
          },
          "400": {
            "description": "Bad request due to invalid demonym input",
            "content": {}
          },
          "500": {
            "description": "Internal server error occurred while processing the request",
            "content": {}
          }
        }
      }
    },
    "/v2/regionalbloc/{regionalbloc}": {
      "get": {
        "operationId": "getByRegionalBloc()",
        "summary": null,
        "description": "Retrieves countries by regional bloc.",
        "parameters": [
          {
            "name": "regionalbloc",
            "in": "path",
            "required": true,
            "schema": {
              "type": "string",
              "description": "The regional bloc to filter countries by.",
              "format": null,
              "minLength": 1,
              "enum": [
                "[]"
              ]
            }
          }
        ],
        "responses": {
          "200": {
            "description": "Successfully retrieved countries by regional bloc.",
            "content": {}
          },
          "404": {
            "description": "No countries found for the specified regional bloc.",
            "content": {}
          },
          "500": {
            "description": "Internal server error occurred while processing the request.",
            "content": {}
          },
          "400": {
            "description": "Bad request due to invalid regional bloc parameter.",
            "content": {}
          }
        }
      }
    },
    "/contribute": {
      "post": {
        "operationId": "contribute()",
        "summary": null,
        "description": "This endpoint allows users to make a contribution by providing a token and an amount. It processes the payment through Stripe and returns an appropriate response based on the success or failure of the transaction.",
        "parameters": [
          {
            "name": "amount",
            "in": "body",
            "required": true,
            "schema": {
              "type": "int",
              "description": "The amount of contribution in cents.",
              "format": null,
              "minimum": 1.0,
              "maximum": 1000000.0,
              "default": "0"
            }
          },
          {
            "name": "token",
            "in": "body",
            "required": true,
            "schema": {
              "type": "string",
              "description": "The payment source token from Stripe.",
              "format": null,
              "minLength": 1,
              "maxLength": 255
            }
          }
        ],
        "responses": {
          "202": {
            "description": "Accepted",
            "content": {}
          },
          "400": {
            "description": "Bad Request",
            "content": {}
          }
        }
      }
    }
  }
}