{
  "openapi": "3.1.1",
  "info": {
    "title": "API Specification",
    "version": "1.0.0"
  },
  "paths": {
    "/api/paste/{paste_id}": {
      "get": {
        "operationId": "getCodePasteFromId()",
        "summary": null,
        "description": "Retrieves a CodePaste by its unique identifier (paste_id).",
        "parameters": [
          {
            "name": "paste_id",
            "in": "path",
            "required": true,
            "schema": {
              "type": "string",
              "description": "The unique identifier of the code paste.",
              "format": "",
              "minLength": 36,
              "maxLength": 36,
              "enum": [
                "[]"
              ]
            }
          }
        ],
        "responses": {
          "200": {
            "description": "Successfully retrieved the CodePaste with the given ID.",
            "content": {}
          },
          "404": {
            "description": "No CodePaste has been found with the given id.",
            "content": {}
          },
          "400": {
            "description": "Invalid UUID format, please format properly!",
            "content": {}
          }
        }
      },
      "delete": {
        "operationId": "deleteCodePasteWithId()",
        "summary": null,
        "description": "Deletes a CodePaste by its unique identifier (paste_id).",
        "parameters": [
          {
            "name": "paste_id",
            "in": "path",
            "required": true,
            "schema": {
              "type": "string",
              "description": "The unique identifier for the code paste.",
              "format": "UUID format",
              "minLength": 36,
              "maxLength": 36,
              "enum": [
                "[]"
              ]
            }
          }
        ],
        "responses": {
          "200": {
            "description": "Successfully deleted the CodePaste with the given id.",
            "content": {}
          },
          "404": {
            "description": "No CodePaste has been found with the given id.",
            "content": {}
          }
        }
      }
    },
    "/api/paste/public": {
      "get": {
        "operationId": "getListOfPublicPastesWith()",
        "summary": null,
        "description": "Retrieves a list of public CodePastes, optionally filtered by title and syntax.",
        "parameters": [
          {
            "name": "paste_title",
            "in": "query",
            "required": true,
            "schema": {
              "type": "string",
              "description": "The title of the paste to search for.",
              "format": null,
              "minLength": 1,
              "maxLength": 50
            }
          },
          {
            "name": "paste_syntax",
            "in": "query",
            "required": true,
            "schema": {
              "type": "string",
              "description": "The syntax type of the paste to search for.",
              "format": null,
              "enum": [
                "['NONE'",
                " 'JAVA'",
                " 'CSHARP'",
                " 'Python'",
                " 'JAVASCRIPT'",
                " 'GO'",
                " 'CLANG'",
                " 'CPLUSPLUS'",
                " 'PHP'",
                " 'SWIFT'",
                " 'LUA'",
                " 'RUBY'",
                " 'MYSQL'",
                " 'POSTGRESQL']"
              ]
            }
          },
          {
            "name": "limit",
            "in": "query",
            "required": true,
            "schema": {
              "type": "int",
              "description": "The maximum number of pastes to return.",
              "format": null,
              "minimum": 1.0,
              "maximum": 20.0,
              "default": "5"
            }
          }
        ],
        "responses": {
          "200": {
            "description": "List of public code pastes retrieved successfully.",
            "content": {}
          },
          "400": {
            "description": "Invalid request parameters, such as limit being out of range.",
            "content": {}
          }
        }
      }
    },
    "/api/paste": {
      "post": {
        "operationId": "postNewCodePasteWith()",
        "summary": null,
        "description": "Creates a new CodePaste with the provided details.",
        "parameters": [
          {
            "name": "paste_title",
            "in": "body",
            "required": true,
            "schema": {
              "type": "string",
              "description": "The title of the paste.",
              "format": null,
              "minLength": 1,
              "maxLength": 50,
              "default": "Untitled Paste"
            }
          },
          {
            "name": "paste_syntax",
            "in": "body",
            "required": true,
            "schema": {
              "type": "string",
              "description": "The syntax highlighting for the paste.",
              "format": null,
              "default": "NONE",
              "enum": [
                "['NONE'",
                " 'JAVA'",
                " 'CSHARP'",
                " 'Python'",
                " 'JAVASCRIPT'",
                " 'GO'",
                " 'CLANG'",
                " 'CPLUSPLUS'",
                " 'PHP'",
                " 'SWIFT'",
                " 'LUA'",
                " 'RUBY'",
                " 'MYSQL'",
                " 'POSTGRESQL']"
              ]
            }
          },
          {
            "name": "paste_visibility",
            "in": "body",
            "required": true,
            "schema": {
              "type": "string",
              "description": "The visibility of the paste.",
              "format": null,
              "default": "PRIVATE",
              "enum": [
                "['PUBLIC'",
                " 'PRIVATE']"
              ]
            }
          },
          {
            "name": "paste_expiration",
            "in": "body",
            "required": true,
            "schema": {
              "type": "string",
              "description": "The expiration duration of the paste.",
              "format": null,
              "default": "ONEHOUR",
              "enum": [
                "['TENMINUTES'",
                " 'THIRTYMINUTES'",
                " 'ONEHOUR'",
                " 'FIVEHOURS'",
                " 'ONEDAY'",
                " 'THREEDAYS'",
                " 'FIVEDAYS'",
                " 'ONEWEEK']"
              ]
            }
          },
          {
            "name": "source_code",
            "in": "body",
            "required": true,
            "schema": {
              "type": "string",
              "description": "The source code content of the paste.",
              "format": null,
              "minLength": 1
            }
          }
        ],
        "responses": {
          "200": {
            "description": "Successfully created a new code paste.",
            "content": {}
          },
          "400": {
            "description": "Bad Request due to invalid title length.",
            "content": {}
          }
        }
      }
    },
    "/api/account/{account_id}": {
      "get": {
        "operationId": "getUserAccountById()",
        "summary": null,
        "description": "Retrieves a user account by its ID. If the account is not found, a UserAccountNotFoundException is thrown.",
        "parameters": [
          {
            "name": "account_id",
            "in": "path",
            "required": true,
            "schema": {
              "type": "int",
              "description": "The unique identifier for the user account.",
              "format": null,
              "minimum": 1.0,
              "maximum": 9.223372036854776e+18,
              "default": "0"
            }
          }
        ],
        "responses": {
          "200": {
            "description": "User Account retrieved successfully.",
            "content": {}
          },
          "404": {
            "description": "User Account with given id was not found.",
            "content": {}
          }
        }
      }
    },
    "/api/account/signup": {
      "post": {
        "operationId": "signupForNewAccount()",
        "summary": null,
        "description": "Creates a new user account. Validates the email format and checks if the username and email are already taken. If successful, returns the created UserAccountDTO.",
        "parameters": [
          {
            "name": "account_username",
            "in": "body",
            "required": true,
            "schema": {
              "type": "string",
              "description": "The username for the new account.",
              "format": null,
              "minLength": 1,
              "maxLength": 255
            }
          },
          {
            "name": "account_email",
            "in": "body",
            "required": true,
            "schema": {
              "type": "string",
              "description": "The email address for the new account.",
              "format": "email",
              "minLength": 5,
              "maxLength": 255
            }
          },
          {
            "name": "account_password",
            "in": "body",
            "required": true,
            "schema": {
              "type": "string",
              "description": "The password for the new account.",
              "format": null,
              "minLength": 8,
              "maxLength": 255
            }
          }
        ],
        "responses": {
          "200": {
            "description": "Successful signup for a new account.",
            "content": {}
          },
          "400": {
            "description": "Bad Request due to invalid email format.",
            "content": {}
          },
          "409": {
            "description": "Conflict due to email already taken.",
            "content": {}
          }
        }
      }
    }
  }
}