<component name="ProjectRunConfigurationManager">
  <configuration default="false" name="Rest API - MongoDB" type="Application" factoryName="Application" folderName="Rest API">
    <option name="MAIN_CLASS_NAME" value="io.gravitee.rest.api.standalone.GraviteeApisContainer" />
    <module name="gravitee-apim-rest-api-standalone-container" />
    <option name="VM_PARAMETERS" value="-Dgravitee.home=$ProjectFileDir$/gravitee-apim-rest-api/gravitee-apim-rest-api-standalone/gravitee-apim-rest-api-standalone-distribution/target/distribution" />
    <option name="WORKING_DIRECTORY" value="$ProjectFileDir$" />
    <method v="2">
      <option name="Make" enabled="true" />
    </method>
  </configuration>
</component>