<configuration>
  <appender name="console-error" class="ch.qos.logback.core.ConsoleAppender">
    <filter class="ch.qos.logback.classic.filter.LevelFilter">
      <level>ERROR</level>
      <onMatch>ACCEPT</onMatch>
      <onMismatch>DENY</onMismatch>
    </filter>
    <withJansi>true</withJansi>
    <encoder>
      <pattern>%magenta(%d{yyyy-MM-dd HH:mm:ss Z} [%level] (%thread\): %m%n)</pattern>
    </encoder>
  </appender>

  <appender name="console-warn" class="ch.qos.logback.core.ConsoleAppender">
    <filter class="ch.qos.logback.classic.filter.LevelFilter">
      <level>WARN</level>
      <onMatch>ACCEPT</onMatch>
      <onMismatch>DENY</onMismatch>
    </filter>
    <withJansi>true</withJansi>
    <encoder>
      <pattern>%yellow(%d{yyyy-MM-dd HH:mm:ss Z} [%level] (%thread\): %m%n)</pattern>
    </encoder>
  </appender>

  <appender name="console-info" class="ch.qos.logback.core.ConsoleAppender">
    <filter class="ch.qos.logback.classic.filter.LevelFilter">
      <level>INFO</level>
      <onMatch>ACCEPT</onMatch>
      <onMismatch>DENY</onMismatch>
    </filter>
    <withJansi>true</withJansi>
    <encoder>
      <pattern>%green(%d{yyyy-MM-dd HH:mm:ss Z} [%level] (%thread\): %m%n)</pattern>
    </encoder>
  </appender>

  <appender name="console-debug" class="ch.qos.logback.core.ConsoleAppender">
    <filter class="ch.qos.logback.classic.filter.LevelFilter">
      <level>DEBUG</level>
      <onMatch>ACCEPT</onMatch>
      <onMismatch>DENY</onMismatch>
    </filter>
    <withJansi>true</withJansi>
    <encoder>
      <pattern>%white(%d{yyyy-MM-dd HH:mm:ss Z} [%level] (%thread\) %class: %m%n)</pattern>
    </encoder>
  </appender>

  <appender name="console-trace" class="ch.qos.logback.core.ConsoleAppender">
    <filter class="ch.qos.logback.classic.filter.LevelFilter">
      <level>TRACE</level>
      <onMatch>ACCEPT</onMatch>
      <onMismatch>DENY</onMismatch>
    </filter>
    <withJansi>true</withJansi>
    <encoder>
      <pattern>%blue(%d{yyyy-MM-dd HH:mm:ss Z} [%level] (%thread\) %class: %m%n)</pattern>
    </encoder>
  </appender>

  <appender name="digdag-context" class="io.digdag.cli.LogbackTaskContextLoggerBridgeAppender">
  </appender>

  <logger name="com.zaxxer.hikari" level="WARN"/>

  <!-- disable header and content logging by default that may leak security information -->
  <logger name="org.apache.http.wire" level="WARN"/>
  <logger name="org.apache.http.headers" level="WARN"/>

  <root level="${digdag.log.level}">
    <appender-ref ref="console-error"/>
    <appender-ref ref="console-warn"/>
    <appender-ref ref="console-info"/>
    <appender-ref ref="console-debug"/>
    <appender-ref ref="console-trace"/>
    <appender-ref ref="digdag-context"/>
  </root>
</configuration>
