<?xml version="1.0" encoding="UTF-8"?>
<!DOCTYPE module PUBLIC "-//Puppy Crawl//DTD Check Configuration 1.3//EN" "http://www.puppycrawl.com/dtds/configuration_1_3.dtd">

<!--
    This configuration file was written by the eclipse-cs plugin configuration editor
-->
<!--
    Checkstyle-Configuration: dgtkit-checkstyle
    Description: none
-->
<module name="Checker">
    <property name="severity" value="warning"/>
    <module name="TreeWalker">
        <property name="tabWidth" value="4"/>
        <module name="JavadocMethod">
            <property name="severity" value="ignore"/>
            <property name="suppressLoadErrors" value="true"/>
            <metadata name="net.sf.eclipsecs.core.lastEnabledSeverity" value="inherit"/>
        </module>
        <module name="JavadocType">
            <property name="severity" value="ignore"/>
            <metadata name="net.sf.eclipsecs.core.lastEnabledSeverity" value="inherit"/>
        </module>
        <module name="JavadocVariable">
            <property name="severity" value="ignore"/>
            <metadata name="net.sf.eclipsecs.core.lastEnabledSeverity" value="inherit"/>
        </module>
        <module name="JavadocStyle">
            <property name="severity" value="ignore"/>
            <metadata name="net.sf.eclipsecs.core.lastEnabledSeverity" value="inherit"/>
        </module>
        <module name="ConstantName">
            <property name="format" value="^log(ger)?|[A-Z][A-Z0-9]*(_[A-Z0-9]+)*$"/>
        </module>
        <module name="LocalFinalVariableName"/>
        <module name="LocalVariableName"/>
        <module name="MemberName"/>
        <module name="MethodName"/>
        <module name="PackageName"/>
        <module name="ParameterName"/>
        <module name="StaticVariableName"/>
        <module name="TypeName"/>
        <module name="AvoidStarImport"/>
        <module name="IllegalImport"/>
        <module name="RedundantImport"/>
        <module name="LineLength">
            <property name="max" value="120"/>
        </module>
        <module name="MethodLength"/>
        <module name="ParameterNumber">
           <property name="max" value="10"/>
           <property name="tokens" value="METHOD_DEF"/>
        </module>
        <module name="EmptyForIteratorPad"/>
        <module name="GenericWhitespace"/>
        <module name="MethodParamPad"/>
        <module name="NoWhitespaceAfter">
            <property name="tokens" value="BNOT,DEC,DOT,INC,LNOT,UNARY_MINUS,UNARY_PLUS"/>
        </module>
        <module name="NoWhitespaceBefore"/>
        <module name="OperatorWrap"/>
        <module name="ParenPad"/>
        <module name="TypecastParenPad"/>
        <module name="WhitespaceAfter"/>
        <module name="WhitespaceAround">
            <property name="tokens" value="ASSIGN,BAND,BAND_ASSIGN,BOR,BOR_ASSIGN,BSR,BSR_ASSIGN,BXOR,BXOR_ASSIGN,COLON,DIV,DIV_ASSIGN,EQUAL,GE,GT,LAND,LCURLY,LE,LITERAL_ASSERT,LITERAL_CATCH,LITERAL_DO,LITERAL_ELSE,LITERAL_FINALLY,LITERAL_FOR,LITERAL_IF,LITERAL_RETURN,LITERAL_SYNCHRONIZED,LITERAL_TRY,LITERAL_WHILE,LOR,LT,MINUS,MINUS_ASSIGN,MOD,MOD_ASSIGN,NOT_EQUAL,PLUS,PLUS_ASSIGN,QUESTION,RCURLY,SL,SLIST,SL_ASSIGN,SR,SR_ASSIGN,STAR,STAR_ASSIGN,LITERAL_ASSERT,TYPE_EXTENSION_AND"/>
        </module>
        <module name="ModifierOrder"/>
        <module name="RedundantModifier"/>
        <module name="AvoidNestedBlocks"/>
        <module name="EmptyBlock"/>
        <module name="LeftCurly"/>
        <module name="NeedBraces"/>
        <module name="RightCurly"/>
        <module name="AvoidInlineConditionals">
            <property name="severity" value="ignore"/>
            <metadata name="net.sf.eclipsecs.core.lastEnabledSeverity" value="inherit"/>
        </module>
        <module name="EmptyStatement"/>
        <module name="EqualsHashCode"/>
        <module name="HiddenField">
            <property name="severity" value="ignore"/>
            <metadata name="net.sf.eclipsecs.core.lastEnabledSeverity" value="inherit"/>
        </module>
        <module name="IllegalInstantiation"/>
        <module name="InnerAssignment"/>
        <module name="MissingSwitchDefault"/>
        <module name="SimplifyBooleanExpression"/>
        <module name="SimplifyBooleanReturn"/>
        <module name="DesignForExtension">
            <property name="severity" value="ignore"/>
            <metadata name="net.sf.eclipsecs.core.lastEnabledSeverity" value="inherit"/>
        </module>
        <module name="FinalClass"/>
        <module name="HideUtilityClassConstructor"/>
        <module name="InterfaceIsType"/>
        <module name="VisibilityModifier">
            <property name="protectedAllowed" value="true"/>
        </module>
        <module name="ArrayTypeStyle"/>
        <module name="TodoComment">
            <property name="severity" value="ignore"/>
            <metadata name="net.sf.eclipsecs.core.lastEnabledSeverity" value="inherit"/>
        </module>
        <module name="UpperEll"/>
    </module>
    <module name="JavadocPackage">
        <property name="severity" value="ignore"/>
        <metadata name="net.sf.eclipsecs.core.lastEnabledSeverity" value="inherit"/>
    </module>
    <module name="NewlineAtEndOfFile">
        <property name="severity" value="ignore"/>
        <metadata name="net.sf.eclipsecs.core.lastEnabledSeverity" value="inherit"/>
    </module>
    <module name="Translation"/>
    <module name="FileTabCharacter">
        <property name="fileExtensions" value="java,xml,html,md"/>
    </module>
    <module name="RegexpSingleline">
        <property name="severity" value="ignore"/>
        <property name="format" value="\s+$"/>
        <property name="message" value="Line has trailing spaces."/>
        <metadata name="net.sf.eclipsecs.core.lastEnabledSeverity" value="inherit"/>
    </module>
</module>
